hamiltonian_id,num_orbitals,num_electrons,num_spin_orbitals,two_S,orbsym,isym,total_num_states,log10_hilbert_space_size,tbt_matrices_calc_time_s,bandwidth_calc_time_s,coulomb_matrix_bandwidth_upper,coulomb_matrix_bandwidth_lower,exchange_matrix_bandwidth_upper,exchange_matrix_bandwidth_lower,mean_field_matrix_bandwidth_upper,mean_field_matrix_bandwidth_lower,coulomb_calc_time_s,coulomb_matrix_algebraic_connectivity,coulomb_matrix_transitivity,coulomb_matrix_edgeCount,coulomb_matrix_graph_creation_time,coulomb_matrix_algebraic_connectivity_calc_time_s,coulomb_matrix_transitivity_calc_time_s,coulomb_matrix_specA_min,coulomb_matrix_specA_Q2,coulomb_matrix_specA_max,coulomb_matrix_specA_mean,coulomb_matrix_specA_std,coulomb_matrix_specA_coeff_variation,coulomb_matrix_specA_power_spectral_entropy,coulomb_matrix_specA_calc_time_s,coulomb_matrix_specA_stat_calc_time_s,coulomb_matrix_specL_min,coulomb_matrix_specL_Q2,coulomb_matrix_specL_max,coulomb_matrix_specL_mean,coulomb_matrix_specL_std,coulomb_matrix_specL_coeff_variation,coulomb_matrix_specL_power_spectral_entropy,coulomb_matrix_specL_calc_time_s,coulomb_matrix_specL_stat_calc_time_s,coulomb_matrix_specR_min,coulomb_matrix_specR_Q2,coulomb_matrix_specR_max,coulomb_matrix_specR_mean,coulomb_matrix_specR_std,coulomb_matrix_specR_coeff_variation,coulomb_matrix_specR_power_spectral_entropy,coulomb_matrix_specR_calc_time_s,coulomb_matrix_specR_stat_calc_time_s,exchange_calc_time_s,exchange_matrix_algebraic_connectivity,exchange_matrix_transitivity,exchange_matrix_edgeCount,exchange_matrix_graph_creation_time,exchange_matrix_algebraic_connectivity_calc_time_s,exchange_matrix_transitivity_calc_time_s,exchange_matrix_specA_min,exchange_matrix_specA_Q2,exchange_matrix_specA_max,exchange_matrix_specA_mean,exchange_matrix_specA_std,exchange_matrix_specA_coeff_variation,exchange_matrix_specA_power_spectral_entropy,exchange_matrix_specA_calc_time_s,exchange_matrix_specA_stat_calc_time_s,exchange_matrix_specL_min,exchange_matrix_specL_Q2,exchange_matrix_specL_max,exchange_matrix_specL_mean,exchange_matrix_specL_std,exchange_matrix_specL_coeff_variation,exchange_matrix_specL_power_spectral_entropy,exchange_matrix_specL_calc_time_s,exchange_matrix_specL_stat_calc_time_s,exchange_matrix_specR_min,exchange_matrix_specR_Q2,exchange_matrix_specR_max,exchange_matrix_specR_mean,exchange_matrix_specR_std,exchange_matrix_specR_coeff_variation,exchange_matrix_specR_power_spectral_entropy,exchange_matrix_specR_calc_time_s,exchange_matrix_specR_stat_calc_time_s,mean_field_calc_time_s,mean_field_matrix_algebraic_connectivity,mean_field_matrix_transitivity,mean_field_matrix_edgeCount,mean_field_matrix_graph_creation_time,mean_field_matrix_algebraic_connectivity_calc_time_s,mean_field_matrix_transitivity_calc_time_s,mean_field_matrix_specA_min,mean_field_matrix_specA_Q2,mean_field_matrix_specA_max,mean_field_matrix_specA_mean,mean_field_matrix_specA_std,mean_field_matrix_specA_coeff_variation,mean_field_matrix_specA_power_spectral_entropy,mean_field_matrix_specA_calc_time_s,mean_field_matrix_specA_stat_calc_time_s,mean_field_matrix_specL_min,mean_field_matrix_specL_Q2,mean_field_matrix_specL_max,mean_field_matrix_specL_mean,mean_field_matrix_specL_std,mean_field_matrix_specL_coeff_variation,mean_field_matrix_specL_power_spectral_entropy,mean_field_matrix_specL_calc_time_s,mean_field_matrix_specL_stat_calc_time_s,mean_field_matrix_specR_min,mean_field_matrix_specR_Q2,mean_field_matrix_specR_max,mean_field_matrix_specR_mean,mean_field_matrix_specR_std,mean_field_matrix_specR_coeff_variation,mean_field_matrix_specR_power_spectral_entropy,mean_field_matrix_specR_calc_time_s,mean_field_matrix_specR_stat_calc_time_s,tbt_graph_mapping_calc_time_s,tbt_abs_graph_mapping_calc_time_s,tbt_abs_graph_mapping_algebraic_connectivity,tbt_abs_graph_mapping_transitivity,tbt_abs_graph_mapping_edgeCount,tbt_abs_graph_mapping_graph_creation_time,tbt_abs_graph_mapping_algebraic_connectivity_calc_time_s,tbt_abs_graph_mapping_transitivity_calc_time_s,tbt_abs_graph_mapping_specA_min,tbt_abs_graph_mapping_specA_Q2,tbt_abs_graph_mapping_specA_max,tbt_abs_graph_mapping_specA_mean,tbt_abs_graph_mapping_specA_std,tbt_abs_graph_mapping_specA_coeff_variation,tbt_abs_graph_mapping_specA_power_spectral_entropy,tbt_abs_graph_mapping_specA_calc_time_s,tbt_abs_graph_mapping_specA_stat_calc_time_s,tbt_abs_graph_mapping_specL_min,tbt_abs_graph_mapping_specL_Q2,tbt_abs_graph_mapping_specL_max,tbt_abs_graph_mapping_specL_mean,tbt_abs_graph_mapping_specL_std,tbt_abs_graph_mapping_specL_coeff_variation,tbt_abs_graph_mapping_specL_power_spectral_entropy,tbt_abs_graph_mapping_specL_calc_time_s,tbt_abs_graph_mapping_specL_stat_calc_time_s,tbt_abs_graph_mapping_specR_min,tbt_abs_graph_mapping_specR_Q2,tbt_abs_graph_mapping_specR_max,tbt_abs_graph_mapping_specR_mean,tbt_abs_graph_mapping_specR_std,tbt_abs_graph_mapping_specR_coeff_variation,tbt_abs_graph_mapping_specR_power_spectral_entropy,tbt_abs_graph_mapping_specR_calc_time_s,tbt_abs_graph_mapping_specR_stat_calc_time_s,one_body_tensor_calc_time_s,one_body_tensor_bandwidth_upper,one_body_tensor_bandwidth_lower,density_hopping_tensor_mean,density_hopping_tensor_std,density_hopping_tensor_max,density_hopping_tensor_min,density_hopping_tensor_coeff_variation,density_hopping_tensor_inv_coeff_variation,density_hopping_tensor_sum_abs,tbt_density_hopping_calc_time_s,tbt_mean,tbt_std,tbt_max,tbt_min,tbt_coeff_variation,tbt_inv_coeff_variation,tbt_calc_time_s,coarse_bond_dimension,total_loops_cpu_time_sec,total_loops_wall_time_sec
"fcidump.9_mo_n2-_{'Mo'_ 'def2-TZVP', 'default'_ 'def2-SVP'}",33,46,66,0,"[0, 0, 0, 0, 0, 0, 0, 0, 0, 0, 0, 0, 0, 0, 0, 0, 0, 0, 0, 0, 0, 0, 0, 0, 0, 0, 0, 0, 0, 0, 0, 0, 0]",1,4.066117082491463e+16,16.609179879847492,0.00012897,6.8873e-05,32,32,32,32,32,32,11.80364903,7.2862220714795045,1.0,561,0.002172434,11.792780455,0.003358461,-8.090995222604569,0.019969401415393922,2.163684169905501,-0.09471072866336123,1.47082276768586,-15.52963205376381,4.949995616976683,0.001397915,0.000262985,-10.49757977575918,-8.033634905734882,1.7763568394002505e-15,-7.946233337763915,1.601231016819891,-0.2015081798831848,0.4318424256232777,0.001517545,0.000229648,-7.8873199862382695,0.24878298326708767,0.28760425786188487,2.556877268833694e-16,1.3944555357309034,3920448838506445.5,4.999675760739818,0.001693732,0.000151832,0.029452753,0.15823489982473662,1.0,561,0.002019454,0.020243993,0.003141839,-0.396309249775849,-0.13925801229680956,0.4757836664898717,-0.0947107286633613,0.1897555499721378,-2.0035275058077424,3.7956097196313516,0.000927393,0.000203758,-4.1884989628454527e-16,0.5337175772925247,0.9439420312173635,0.5075842319784577,0.20570344243137956,0.4052597174454975,1.1303392950746918,0.001124576,0.000143707,-12.679841663856857,-3.678041590298103,147.41668870193377,4.65620807903399e-15,26.161717371742228,5500540963938610.0,4.9924616281987,0.00143902,0.000138946,5.953181687,14.881783879017807,1.0,561,0.001721781,5.944838139,0.00262143,-16.60145283347851,0.22348422700297135,3.9960996690495874,-0.09471072866336175,3.006044032513082,-31.739213444315464,4.940487620350866,0.000905687,0.000199818,-21.267128774113523,-16.6279333264074,1.0658141036401503e-14,-16.40005090750629,3.294521681145999,-0.2008848447926524,0.42926610099531726,0.001089375,0.000162596,-3.821586935809742,0.11950373114069587,0.13895170776981874,1.215357780744963e-16,0.6756464624705611,3049830001921225.5,4.999626203276065,0.001432387,0.000133124,2.651601678,0.051193404,97.48803213514667,1.0,561,0.001938939,0.04257558,0.002621368,5.564956973964999,20.375149200031046,212.59594062032113,30.812250943023102,35.787798977817275,1.1614795376032336,3.6864179682104283,0.000935049,0.000205098,-8.526512829128479e-14,176.58190422062782,257.7064946652772,174.57244895413237,50.16430991278041,0.2873552511482537,0.7138226881225189,0.001105935,0.000145613,-0.02292011083119329,-0.011326188833537698,0.37944491228125243,-8.200510977344907e-18,0.0671485022597554,731469237733817.8,4.997767137813296,0.001448832,0.000142876,1.5905e-05,32,32,-0.007415124086155195,0.04536568659542491,0.2672859426606681,-0.4194895531161136,-6.117994259884074,-0.16345226188868014,427.3292923720182,0.000234216,-0.0001814610472196701,0.008871716118883382,0.2672859426606681,-0.4194895531161136,-48.890471287474696,-0.02045388341871417,0.004729138,19,11575.997945036,371.488721714
fcidump.10_fecp2+_s0.5_def2-tzvp,46,57,92,1,"[0, 0, 0, 0, 0, 0, 0, 0, 0, 0, 0, 0, 0, 0, 0, 0, 0, 0, 0, 0, 0, 0, 0, 0, 0, 0, 0, 0, 0, 0, 0, 0, 0, 0, 0, 0, 0, 0, 0, 0, 0, 0, 0, 0, 0, 0]",1,2.9702210220359396e+25,25.472788767525667,0.000156006,2.9332e-05,45,45,45,45,45,45,2.028837248,10.733177965210185,1.0,1081,0.002967,1.809574367,0.005690723,-11.547102288033644,0.0025649811671799648,2.0443683642303756,-0.17923348030594208,1.7207361784913084,-9.600528738013143,5.480377980587963,0.001544412,0.000228493,-13.413987586357843,-11.54471757145886,-8.881784197001252e-15,-11.34292830214889,1.7901823953457385,-0.15782365432095632,0.2979297365319891,0.001704431,0.000164906,-7.785541468911816,0.17298165541994673,0.18633813375391842,7.119908527487417e-17,1.1606312282879934,6779424238304222.0,5.491759804815862,0.202707855,0.00400416,0.910817159,0.1973561635905791,1.0,1081,0.09271646,0.697719483,0.010966412,-0.4052587946196379,-0.2471365407627954,0.47517065013609805,-0.17923348030594227,0.1978068543671776,-1.1036266998193183,2.9706434560488146,0.002931149,0.000367792,-1.1878820419215256e-34,0.6577469119040127,0.9788112274767228,0.6355141674694184,0.21700562766604797,0.34146465771196294,0.8859519158837249,0.003108121,0.000369943,-15.062254364430427,-2.978299443921043,164.29905088186536,2.577648239781885e-15,24.58633171164318,9182061835592686.0,5.484340604902753,0.098316691,0.003348155,2.11459568,22.21635593668414,1.0,1081,0.049684208,2.035841033,0.005574148,-23.550263099868122,0.3133965775645337,3.8434717486178225,-0.17923348030594263,3.525535839788978,-19.67007410541304,5.469844752611529,0.001911282,0.000238308,-27.046018196704072,-23.647262806388923,3.552713678800501e-15,-23.321370771767196,3.676219323158454,-0.15763307222098957,0.2973978925366181,0.001971231,0.00021003,-3.7864535692082706,0.0843471372844857,0.09002757430347982,1.960991755452043e-17,0.5644659971832999,4719224030281653.0,5.491754706043581,0.014337671,0.003891118,10.844072497,0.135567043,172.04628998929326,1.0,1081,0.003409354,0.09685004,0.00656793,3.9082742580921406,21.27424383397912,343.0892051733347,34.23009089821971,49.92079718066059,1.4583892671829555,4.4990312367612395,0.002201184,0.000391409,-8.862710386420084e-39,313.2648388633763,401.1321817855333,298.39534852575144,72.07585972711121,0.24154485008968254,0.5537233756857042,0.002650943,0.000588769,-0.014254732936619531,-0.006283772384409279,0.3117325030535513,-4.864768008717568e-18,0.04650582585546185,488839149093822.9,5.490415040327655,0.016583613,0.005901802,0.00036276,45,45,-0.0054501971159447585,0.03757272393128243,0.17881839651697706,-0.32763113075300637,-6.893828449133112,-0.14505727947520464,675.3646888801353,0.012556224,-0.00011008715145639473,0.006373630358803858,0.1997102422892551,-0.32763113075300637,-57.89622380532145,-0.017272283652946748,0.625120586,13,33469.678333989,1172.94175636
fcidump.11_fecp2_s0_def2-tzvp,46,58,92,0,"[0, 0, 0, 0, 0, 0, 0, 0, 0, 0, 0, 0, 0, 0, 0, 0, 0, 0, 0, 0, 0, 0, 0, 0, 0, 0, 0, 0, 0, 0, 0, 0, 0, 0, 0, 0, 0, 0, 0, 0, 0, 0, 0, 0, 0, 0]",1,1.7923747546768598e+25,25.253428818313008,0.000147745,2.9334e-05,45,45,45,45,45,45,70.756821002,10.493346598071083,1.0,1081,0.002859387,70.726149439,0.005721198,-11.292104849725023,0.001250970646582966,1.966146032625267,-0.17694058401259122,1.681687642865933,-9.504250549700142,5.4817187253332476,0.001583644,0.000224599,-13.035830304838175,-11.301258240773798,3.487168684223107e-104,-11.089776438944849,1.7510414877733775,-0.15789691500219122,0.2981034864196411,0.001659984,0.000155884,-7.9635879950112,0.1767564781082182,0.19059709087628574,1.9247888307360051e-16,1.187174000325546,4059007569537254.5,5.491755057486394,0.01447573,0.003740064,1.017062451,0.2191681685182554,1.0,1081,0.087706414,0.784630471,0.093649759,-0.39920999319044165,-0.24569344020860423,0.47471618466557236,-0.176940584012591,0.19523437313469036,-1.1033894469388539,2.9782572275531822,0.001629652,0.000222846,-3.3306690738754696e-16,0.6454821744822106,0.9697620796569504,0.632940324123892,0.21335061775731606,0.3370785674820661,0.8719743369610694,0.001597516,0.000177917,-13.371770585663183,-3.0121660102957817,162.54171138503995,-9.654113257610057e-18,24.306817051605613,2.6904176745659133e+17,5.485786548231916,0.042435547,0.004082225,2.000333381,21.73424429140843,1.0,1081,0.086524776,1.822566066,0.005541959,-23.03985950773102,0.3032290367241749,3.6982451338488316,-0.17694058401259158,3.4474235829857403,-19.48350968899489,5.471393940324071,0.001591883,0.000210956,-26.311835444140165,-23.152709022827494,-7.105427357601002e-15,-22.81249320201359,3.5992870292575136,-0.15777701268267402,0.297783750003542,0.001622554,0.000150649,-3.871165124289572,0.08615979721373815,0.09202646205283757,-1.779977131871854e-17,0.5770947047152143,7020597314306861.0,5.491751033710196,0.077414668,0.00377616,11.017094882,0.604375668,160.75142848431344,1.0,1081,0.004942538,0.307592136,0.008041006,-0.44381820022614143,18.269312624308675,339.4014500057252,32.61480585101083,49.51337994604076,1.5181258527867703,4.557602179375759,0.00162727,0.000227124,-5.684341886080802e-14,315.52321795591126,387.46045225452883,297.3446570691157,70.71580358245066,0.23782436274283972,0.5412535780102891,0.001926016,0.000187399,-0.014897114459327909,-0.00631678774703253,0.31231093377419805,-2.0364145152771216e-18,0.04659206636710206,475605972735328.75,5.490011648222532,0.274838128,0.004593801,0.000423945,45,45,-0.0053289819756853355,0.03670320867288743,0.1761239403695839,-0.31897201279750936,-6.88747097294657,-0.14519117451499078,643.9010936865162,0.016808281,-0.00010484210464945183,0.006245717888296641,0.1964752419715421,-0.31897201279750936,-59.57261072911277,-0.01678623763103446,0.452868938,8,14890.202160464,538.292356832
"fcidump.12_mo_n2_{'Mo'_ 'def2-TZVP', 'default'_ 'def2-SVP'}",33,45,66,1,"[0, 0, 0, 0, 0, 0, 0, 0, 0, 0, 0, 0, 0, 0, 0, 0, 0, 0, 0, 0, 0, 0, 0, 0, 0, 0, 0, 0, 0, 0, 0, 0, 0]",1,8.906732656886064e+16,16.949718416795147,9.9044e-05,2.9202e-05,32,32,32,32,32,32,2.28045001,7.587878729672916,1.0,561,0.002058456,2.271839348,0.002720335,-8.371140055024735,0.023220599940509668,2.267969408424175,-0.1005899972907424,1.5209081273743803,-15.119874424276931,4.949517309647393,0.000867313,0.000197232,-10.794306471008714,-8.360518456687263,2.650394088062589e-67,-8.221905981413377,1.6456583315434254,-0.200155333235826,0.4272977163722908,0.001060073,0.000138717,-7.618072110493252,0.23823411827772936,0.2777702456765117,7.149163416146841e-17,1.3468442923479176,7853702595660104.0,4.999648231918248,0.001338348,0.000148105,0.048267213,0.17865650102111955,1.0,561,0.002196783,0.038507927,0.003415523,-0.3889200565476105,-0.1508780521647272,0.48414228842292417,-0.10058999729074257,0.19144471720431205,-1.903218236013724,3.8889588034806564,0.001010304,0.000199673,-3.0533088577542967e-16,0.531636182229251,0.9278602324163482,0.5102449078885681,0.20081544330460555,0.39356677587552036,1.0822141264118832,0.001103772,0.000141676,-11.346397647620114,-3.634477632342875,144.432368096507,-1.3053531319835174e-15,25.621189960114148,-2.1256169068024212e+16,4.994364448760068,0.001473945,0.000138285,2.747086139,15.510131865014714,1.0,561,0.001550987,2.738634566,0.00269251,-17.15812639577628,0.23798110486994067,4.189965381326763,-0.1005899972907428,3.10670353592212,-30.8848157828515,4.942206487612893,0.00090596,0.000207311,-21.87344087961294,-17.27868859276458,7.105427357601002e-15,-16.954056870715316,3.384248787495323,-0.19961291939163683,0.42501931044544483,0.001098448,0.000165509,-3.694494419990002,0.11555798221524656,0.1343385550768284,-4.625929269271486e-17,0.6531725452679694,1.2154148651843756e+16,4.999730995961133,0.001566509,0.000196787,2.599766278,0.044918244,93.96045687998807,1.0,561,0.001667021,0.036494275,0.002709759,7.053267610003948,21.58538421630528,220.24436708714092,32.16191550366121,36.955672783962825,1.1490507392122185,3.6476011683355622,0.001035375,0.000216065,-1.1368685045909755e-13,184.09614800542982,268.4346578470872,180.18602798202053,52.29500338391134,0.29022784934872686,0.7271402001197891,0.00107449,0.000140601,-0.023900047218200736,-0.010660261144226652,0.36970204802597895,7.885106708985487e-18,0.06543646354177088,606538432763314.2,4.996671548851883,0.001357459,0.000138944,1.6769e-05,32,32,-0.007671719991888371,0.046879360798683316,0.2670209497305078,-0.459342169917208,-6.110671511506093,-0.16364813558003607,445.45656411773746,0.000227056,-0.00020765860852093096,0.009115626423063192,0.2670209497305078,-0.459342169917208,-43.897175696180554,-0.022780508862828935,0.00409988,170,52218.561127706,1580.383784857
"fcidump.20_rc_{'Mo'_ 'def2-SVP', 'I'_ 'def2-SVP', 'Cl'_ 'def2-SVP', 'default'_ '6-311+G(d,p)'}",32,50,64,0,"[0, 0, 0, 0, 0, 0, 0, 0, 0, 0, 0, 0, 0, 0, 0, 0, 0, 0, 0, 0, 0, 0, 0, 0, 0, 0, 0, 0, 0, 0, 0, 0]",1,47855699958816.0,13.679933672796926,6.8135e-05,2.6422e-05,31,31,31,31,31,31,1.45548276,7.7486050076737225,1.0,528,0.001412766,1.447746738,0.002465996,-9.723261167225811,0.054093662251631466,3.9360155274185136,-0.0012948689702187433,1.8962919260110078,-1464.4662661819846,4.849801192632286,0.000868453,0.000206928,-14.823376291793492,-8.821805233202412,7.105427357601002e-15,-9.458026087099473,2.558927178213459,-0.2705561556553302,0.6692204578426421,0.001062266,0.000143575,-6.613784022763723,0.22401623139176155,0.2712931799405352,1.1102230246251565e-16,1.1883813581580223,5631543890338875.0,4.953517399334032,0.001346595,0.000159383,0.020725677,0.007391873648103792,1.0,528,0.001580712,0.012602845,0.002664654,-0.21715341624318216,-0.03484881872966362,0.5884722121461623,-0.0012948689702186704,0.17157067364103265,-132.50041323646212,4.292399100061441,0.00083401,0.000192287,1.1761032256784154e-17,0.32342529754096727,0.8024862147734346,0.34818010459164145,0.23757406838776673,0.6823309696756007,1.9104166931287252,0.00112298,0.000191128,-320.7065803043311,-5.817886244058613,717.6963830088594,-1.865174681370263e-14,141.82954071215335,-7645077422434187.0,4.814007474196709,0.001334849,0.000137805,0.205330975,15.641349899579776,1.0,528,0.001331594,0.197367013,0.002530515,-19.74662871832892,0.17455514330522764,7.514477138345413,-0.0012948689702181881,3.808208249986094,-2940.99892543158,4.847794862596411,0.00090377,0.000207832,-29.6798424824036,-18.04740704950511,-2.1316282072803006e-14,-19.264232278790587,5.059323593663154,-0.262627833824104,0.6418209431720693,0.001124024,0.000174143,-3.234170065645413,0.10944081414627732,0.13102624887228675,-4.163336342344337e-17,0.5811013032339313,9956052589594220.0,4.953505864150577,0.001465389,0.000160092,2.283983517,0.203397059,29.465016522308524,1.0,528,0.00147844,0.195370478,0.002623919,11.231090968090363,24.913322101355647,122.98715031783918,28.000282752122963,19.04239743203984,0.6800787549402892,2.377213773807394,0.000902625,0.00020749,1.5300866740278506e-15,62.707062770263846,141.10078821867629,74.85957535695087,37.36862758305301,0.49918300237303254,1.3549900485440007,0.001080244,0.000146096,-0.1020878722337116,-0.030481281833559217,1.0483743925744955,1.214306433183765e-17,0.18921122430805348,1687230730098180.0,4.951076258128718,0.001361427,0.000151558,1.6941e-05,31,31,-0.009180065035580613,0.05925476134636607,0.18532893040201762,-0.5728502244565437,-6.4547213028125485,-0.15492535666323437,400.4077162235331,0.000228721,-0.00026745942312014,0.01096955081178417,0.18532893040201762,-0.5728502244565437,-41.013887952868885,-0.024381984979067337,0.003798979,9,4534.21203993,166.20867997399998
"fcidump.21_rc_{'Mo'_ 'def2-SVP', 'I'_ 'def2-SVP', 'Cl'_ 'def2-SVP', 'default'_ '6-311+G(d,p)'}",51,74,102,0,"[0, 0, 0, 0, 0, 0, 0, 0, 0, 0, 0, 0, 0, 0, 0, 0, 0, 0, 0, 0, 0, 0, 0, 0, 0, 0, 0, 0, 0, 0, 0, 0, 0, 0, 0, 0, 0, 0, 0, 0, 0, 0, 0, 0, 0, 0, 0, 0, 0, 0, 0]",1,9.533094920096584e+24,24.979233917271493,0.00016981,3.1444e-05,50,50,50,50,50,50,0.748632824,10.341162866855077,1.0,1326,0.003611798,0.711218737,0.007471784,-11.842164734877016,0.04062029102259189,4.3951501718217445,0.03014264358831603,1.8209476576891719,60.411013796912165,5.5642665850342,0.002341126,0.000280345,-17.636109443085275,-11.23628765007169,-1.2434497875801753e-14,-11.685221126257797,2.4140096410404874,-0.20658656049015447,0.46310478188790355,0.002324439,0.000185913,-8.575426561154863,0.17769997402463777,0.2003130807858961,7.18379604169219e-17,1.2129233165312958,7058529521582079.0,5.6434838968964,0.01701529,0.003907637,1.018807457,0.014351270677949331,1.0,1326,0.106269183,0.460734996,0.236864371,-0.24098665809076625,-0.006968076704135768,0.6825676414274104,0.03014264358831657,0.18239189465756442,6.050958806023898,4.392998213775049,0.049861668,0.005826281,3.6037998243076025e-16,0.3833649126094941,0.8026660733674005,0.385512704457675,0.20423822027245486,0.5297833713671504,1.5627569341595369,0.051274461,0.00456277,-152.9877718361714,-5.216296661006815,609.9309966157109,-5.4248544654233136e-15,90.10761785991677,-1.6922080865313082e+16,5.566975398054749,0.096717004,0.004996192,1.524433809,21.05321851201691,1.0,1326,0.101103309,1.37027248,0.007309242,-24.08191014743301,0.12802179909198447,8.262546774207419,0.03014264358831602,3.6510812061900664,121.12677494568847,5.552818713436292,0.001924478,0.000227763,-35.32877809526997,-22.92041630099652,-1.7763568394002505e-14,-23.755954956973266,4.7923761960375515,-0.2017336791855976,0.4466096673770066,0.001862815,0.000155615,-4.211014304236066,0.08673646082443189,0.09764549938637034,9.687240116827346e-17,0.5956073646393555,3025347184800524.5,5.643493413592407,0.034940428,0.003596428,15.837202994,0.158750097,45.765391960755494,1.0,1326,0.003857312,0.113520476,0.01150624,12.605337927493371,33.15341594570798,191.15620877420463,37.8909468854307,27.45981634658931,0.724706522368481,2.647382721625287,0.002530229,0.000355755,1.8356210552420597e-13,152.5640934737464,224.0041007875821,140.34214458172374,49.39573955447536,0.3519665436330235,0.9244750311710832,0.00274674,0.000297647,-0.07314485644861811,-0.013043288384408587,0.8489667278632673,1.2381163632461918e-17,0.12052413214200873,1072458481887393.1,5.6363308746343215,0.017595914,0.00564228,0.000379036,50,50,-0.0044845706178432134,0.03593147476844819,0.28026889205721073,-0.45672553411072825,-8.01224416569223,-0.1248089772752982,861.1758565404972,0.016061204,-8.40560643273737e-05,0.005300296743125625,0.28026889205721073,-0.45672553411072825,-63.05668467285037,-0.015858746859086916,0.525286839,77,164849.615597545,5863.330373520999
"fcidump.24_ts_1over2_{'Mo'_ 'def2-SVP', 'I'_ 'def2-SVP', 'Cl'_ 'def2-SVP', 'default'_ '6-311+G(d,p)",27,44,54,0,"[0, 0, 0, 0, 0, 0, 0, 0, 0, 0, 0, 0, 0, 0, 0, 0, 0, 0, 0, 0, 0, 0, 0, 0, 0, 0, 0]",1,23930713170.0,10.378955641412455,8.1206e-05,3.1832e-05,26,26,26,26,26,26,0.129009188,6.561040574065796,1.0,378,0.00108129,0.122452706,0.001723446,-8.92522155462484,0.05049810088957212,3.2249553602542,-0.04448295019556925,1.863845692725773,-41.90022659314145,4.612558503245679,0.000804206,0.000226357,-13.381802392293514,-8.027531484872013,-3.5527136788004895e-15,-8.604752101204214,2.528610614151128,-0.2938621106582786,0.7388792440986982,0.001065989,0.000151389,-6.1154387347116534,0.24367014855034402,0.30861079690835375,1.6858942225789415e-16,1.2001016542621428,4468164249260082.0,4.699523482948897,0.001272526,0.000149861,0.015145743,0.007474586952793162,1.0,378,0.001105123,0.008644341,0.001687218,-0.2224218112145461,-0.08584285458114913,0.5263197825687791,-0.04448295019556881,0.16235814763058,-3.649896126870512,3.771339676174212,0.000794878,0.000211349,5.638722616993261e-17,0.34074659563469206,0.7400600189259852,0.34046904707617914,0.23828149475592972,0.6998624303800951,1.8365958016101323,0.00101499,0.000156992,-347.2564975878799,-4.714211352002276,673.2306134977675,-6.021520730596589e-14,147.72597177884933,-2457381058788910.5,4.535758521502104,0.001302279,0.00014814,0.123820579,13.511565589265036,1.0,378,0.001058267,0.117362479,0.001763752,-18.087538993490526,0.19130680819218257,6.214302675707666,-0.04448295019556852,3.7503177684839013,-84.30910611809024,4.615770511247414,0.000773693,0.000203801,-26.79167215354218,-16.56747269170397,-2.4868995751603383e-14,-17.549973249484612,4.983614727922389,-0.2839670839993299,0.705568432428463,0.001015676,0.000150751,-2.9809214970469236,0.11835709628749878,0.1484465540879608,-1.3774989379608423e-16,0.5849380590714857,-1.5495091515519996e+16,4.69957482605142,0.001262091,0.000147111,1.151639386,0.10527522,26.400693741706228,1.0,378,0.001160966,0.099113252,0.001632725,6.7360444453009425,22.952972509157643,138.1980942464719,27.62260078915822,22.843953714910555,0.8270022757551755,2.825469088529082,0.000754354,0.000212183,2.1316279859253616e-14,78.05896364855326,157.93936423996928,85.60314834972354,48.124574433421955,0.5621822954082667,1.4491737137127347,0.000927855,0.000137094,-0.12547219467295553,-0.01957441473779923,0.8941711729891868,-3.854941057726238e-19,0.17718337514835467,1778690498515261.8,4.693035734970751,0.001136551,0.00013083,1.5774e-05,26,26,-0.01174409084823683,0.06894817779367603,0.15178104150269933,-0.5932278352625417,-5.870882530172873,-0.17033214254596282,325.75696640824134,0.000170806,-0.00038239862252418524,0.013949432611103122,0.15178104150269933,-0.5932278352625417,-36.478773168762196,-0.02741320261439955,0.001648608,9,2490.699282676,84.031933294
"fcidump.25_ts_1over2_{'Mo'_ 'def2-SVP', 'I'_ 'def2-SVP', 'Cl'_ 'def2-SVP', 'default'_ '6-311+G(d,p)",51,74,102,0,"[0, 0, 0, 0, 0, 0, 0, 0, 0, 0, 0, 0, 0, 0, 0, 0, 0, 0, 0, 0, 0, 0, 0, 0, 0, 0, 0, 0, 0, 0, 0, 0, 0, 0, 0, 0, 0, 0, 0, 0, 0, 0, 0, 0, 0, 0, 0, 0, 0, 0, 0]",1,9.533094920096584e+24,24.979233917271493,0.000183637,3.0779e-05,50,50,50,50,50,50,0.83030063,10.534058093344411,1.0,1326,0.003704279,0.797902683,0.006874741,-12.057518586362104,0.03359236070844092,3.188057935045474,-0.013016482428974286,1.7918285517660206,-137.65843126538394,5.587139463451955,0.001756145,0.000211427,-17.577451613021324,-11.459659385473747,3.552713678800501e-15,-11.861151107334647,2.402230026914282,-0.20252924907337208,0.44923063763308635,0.002273232,0.000155957,-8.437272791304816,0.174270506142165,0.19481762723785573,6.149764793266799e-17,1.1933714914801425,7389404779304811.0,5.643466346473245,0.013828255,0.003371039,0.736668231,0.024978359888452865,1.0,1326,0.04679925,0.300969843,0.183290687,-0.28565649153179823,-0.0456203891841796,0.5705869265474235,-0.013016482428973932,0.17688755815089846,-13.589505391806817,4.748590514083315,0.049584898,0.005020789,-2.359232137733549e-16,0.4183472525711299,0.7775318768080763,0.415598509035745,0.20810667742984174,0.5007397112965649,1.4212203661621468,0.048116325,0.004275913,-152.2618228497795,-4.498789210489134,490.1036673651563,-1.0170513668723003e-14,72.46117729862827,-7195380462436406.0,5.553477437658045,0.09307437,0.004507971,1.730059029,21.479877348453382,1.0,1326,0.099431757,1.597483619,0.007142838,-24.499758848564518,0.16781793280886176,6.029253167472908,-0.013016482428974449,3.6084739823844507,-277.2234359070836,5.581752923541706,0.001861189,0.000227082,-35.22646210185718,-23.437138006815903,7.105427357601002e-15,-24.137900723705034,4.766500167919454,-0.19746954063981348,0.4321968795864914,0.001966645,0.000176056,-4.138601938968489,0.08529187415510808,0.09503715336519845,2.911614304776759e-17,0.585359513170871,4533588901848722.0,5.643523870910779,0.016620143,0.004174715,15.569590625,0.923097036,56.78573931995545,1.0,1326,0.005042036,0.871371816,0.007203648,10.4235733061262,36.10951640396528,320.07414400977893,44.29156351814395,43.78728152632437,0.9886144910731588,3.6054625403209335,0.001967644,0.000238315,4.0099484267079593e-14,236.01734087581232,399.37033813506025,232.0958114921716,103.78898695372723,0.4471816457455888,1.2196388562664604,0.002019294,0.000221786,-0.07537763523354502,-0.008172626317257544,0.5984305172997116,1.2551234561479251e-17,0.0853382552891779,758216963338268.8,5.6299219550234785,0.030329779,0.004295792,0.000332843,50,50,-0.004556197612229401,0.035635744197130434,0.2670251877932531,-0.4523058622083247,-7.821378094198667,-0.1278547064157082,983.3891883818907,0.020847714,-8.261659503176667e-05,0.005330141335549794,0.2670251877932531,-0.4523058622083247,-64.51659419644284,-0.015499888245110366,0.465496331,104,190470.90103364698,6739.451402395
"fcidump.26_pc_{'Mo'_ 'def2-SVP', 'I'_ 'def2-SVP', 'Cl'_ 'def2-SVP', 'default'_ '6-311+G(d,p)'}",32,50,64,0,"[0, 0, 0, 0, 0, 0, 0, 0, 0, 0, 0, 0, 0, 0, 0, 0, 0, 0, 0, 0, 0, 0, 0, 0, 0, 0, 0, 0, 0, 0, 0, 0]",1,47855699958816.0,13.679933672796926,6.307e-05,2.6315e-05,31,31,31,31,31,31,0.174476542,7.502706221078075,1.0,528,0.001404633,0.166345558,0.002627678,-9.844920871755791,0.0436182770050324,2.808891348674585,-0.05169514241902157,1.8554819834398268,-35.892772446586655,4.886827907402614,0.000914342,0.000241571,-14.552123392192561,-9.012305771265929,1.7763568394002505e-15,-9.522848900004654,2.5676234586704125,-0.26962765928892957,0.6625118751475666,0.00111857,0.000153228,-6.573685047110199,0.21742351670055124,0.26783083278924813,-1.942890293094024e-16,1.181194908974649,-1.2527384337563242e+16,4.9533969373531335,0.001413861,0.000171595,0.021398445,0.006928808918740961,1.0,528,0.001411824,0.013463138,0.002437339,-0.263380413086065,-0.07676187882012298,0.5155367401571765,-0.05169514241902133,0.17428170702935822,-3.3713362392291497,3.921204039257781,0.000909362,0.000207832,2.4502797914697422e-17,0.4156215260236181,0.8177154116674685,0.38547798656438814,0.2437080900037709,0.6322231061126061,1.7379211075834045,0.001132382,0.000157757,-375.2649760750757,-4.567192516006198,809.7553874349926,1.865174681370263e-14,161.93878524412006,8635930660379069.0,4.812453738872557,0.001449543,0.000155492,0.179117077,15.47167016808879,1.0,528,0.001369249,0.171273734,0.00256346,-19.974996954199142,0.2272855087709434,5.406341484958778,-0.051695142419020845,3.74063101487904,-72.35942952935379,4.888968983300974,0.000908031,0.000206189,-29.149678500507648,-18.567456262827143,-7.105427357601002e-15,-19.43117578657369,5.059765909728196,-0.26039422242396315,0.6312994283019754,0.001072628,0.00014595,-3.206103706926108,0.10598609587863803,0.12932981091744578,6.938893903907228e-18,0.5760617762382868,5386831256698077.0,4.9535363337530125,0.001370233,0.000140042,2.273030892,0.146499377,34.14280025028499,1.0,528,0.001815251,0.137988021,0.002553705,8.196835391398706,26.935371820585914,191.22518631653602,31.97638854203049,30.63569182655384,0.9580722909432249,3.2710250181909344,0.000970919,0.000216297,3.3306689736083194e-16,151.87839787194318,228.80103794902448,123.19247133479612,69.66086976037833,0.5654636927532957,1.473841851148965,0.001126647,0.000178643,-0.12191872709637351,-0.012613603647049866,0.8196979366148005,-1.5612511283791264e-17,0.14905469572404986,1766312731799782.5,4.941511642422797,0.001402914,0.000153317,1.7218e-05,31,31,-0.00938545558145376,0.05825378527372779,0.16817775262315843,-0.5647892704852336,-6.206814870962854,-0.16111323130939173,445.49925268948095,0.00024451,-0.0002807930533161905,0.010940255919148323,0.16817775262315843,-0.5647892704852336,-38.96198922995759,-0.02566604066588847,0.004384551,37,13075.351869761,398.065558997
"fcidump.27_pc_{'Mo'_ 'def2-SVP', 'I'_ 'def2-SVP', 'Cl'_ 'def2-SVP', 'default'_ '6-311+G(d,p)'}",51,74,102,0,"[0, 0, 0, 0, 0, 0, 0, 0, 0, 0, 0, 0, 0, 0, 0, 0, 0, 0, 0, 0, 0, 0, 0, 0, 0, 0, 0, 0, 0, 0, 0, 0, 0, 0, 0, 0, 0, 0, 0, 0, 0, 0, 0, 0, 0, 0, 0, 0, 0, 0, 0]",1,9.533094920096584e+24,24.979233917271493,0.000184703,3.0985e-05,50,50,50,50,50,50,6.179446309,10.524934543237924,1.0,1326,0.003751992,6.141773821,0.006955407,-11.989577121593449,0.035745374415430305,3.3158960604624736,0.014436884946202579,1.7996644428191253,124.65739316517096,5.591376703105031,0.001971934,0.000210047,-17.457806700208714,-11.409855640936394,1.0658141036401503e-14,-11.816206303435926,2.412345743142675,-0.2041556893299342,0.45364302936296125,0.002304809,0.000157592,-8.476974822970629,0.1745983519957761,0.19872005222900435,2.5578667724207036e-17,1.1989973785790013,9547779095827100.0,5.643463811724549,0.017730596,0.004306484,0.82670199,0.009911638594284296,1.0,1326,0.09766418,0.351980552,0.201120308,-0.24290080254771115,-0.017793022961261874,0.6102845931589115,0.014436884946203115,0.17390690115059199,12.046012820537731,4.292772367997181,0.04883578,0.004581467,1.1609180819691517e-16,0.3762659008543881,0.8184680729127488,0.39182720417414113,0.20967518457910225,0.5351215595686808,1.563359962796007,0.047616041,0.00403015,-316.2390172425113,-4.933631079494139,749.5672902600239,2.1638464440733444e-14,115.20532631428821,5299607367777871.0,5.494440581769685,0.0654837,0.003837804,1.833625124,21.312008245814077,1.0,1326,0.098700358,1.647786997,0.007404136,-24.36580614552415,0.14891907252667513,6.203488071404602,0.014436884946203451,3.616894537495307,250.53150669088328,5.583342780009312,0.002056668,0.000229443,-34.983707433683406,-23.247772663385273,2.1316282072803006e-14,-24.024239811045987,4.782205899135697,-0.19905753258993486,0.4366800699155924,0.001916969,0.000164628,-4.161493620930603,0.08583250262775474,0.09680643632776544,-3.918434204559376e-17,0.588601626246505,9678455286758262.0,5.643510631429741,0.070487314,0.003910287,15.647984378,0.639421272,56.52823996343546,1.0,1326,0.004235828,0.602668949,0.007317056,13.523380521204956,35.72778768700936,301.26210528266006,43.730017663358126,40.61696302407993,0.9288119510208508,3.4550159959323965,0.001841874,0.00022433,-1.3287981825982342e-15,215.01322909214372,380.47045619166175,211.39879430211434,99.83269841171602,0.4722481920546958,1.2896990225853555,0.001845186,0.00016179,-0.08602260356854494,-0.008850172510909558,0.6815617952987252,1.1802922473802981e-17,0.09722766046619294,869634337948320.4,5.630083157473935,0.016679988,0.004159989,0.000359937,50,50,-0.00451996833956499,0.03574748738887669,0.2487730459706263,-0.4457429501911052,-7.908791545278386,-0.1264415674980118,978.2895015993021,0.01709795,-8.058415358441495e-05,0.00530650241093655,0.2487730459706263,-0.4457429501911052,-65.85044546487012,-0.015185926123058342,0.66979091,11,43407.07971854901,1611.299605014
"fcidump.28_2_{'Mo'_ 'def2-SVP', 'I'_ 'def2-SVP', 'Cl'_ 'def2-SVP', 'default'_ '6-311+G(d,p)'}",33,50,66,0,"[0, 0, 0, 0, 0, 0, 0, 0, 0, 0, 0, 0, 0, 0, 0, 0, 0, 0, 0, 0, 0, 0, 0, 0, 0, 0, 0, 0, 0, 0, 0, 0, 0]",1,855420636763836.1,14.932179723270043,6.7712e-05,2.7128e-05,32,32,32,32,32,32,0.136719175,7.9612927398748425,1.0,561,0.001495364,0.128297916,0.002648812,-10.288813170976638,0.0361480569730446,3.0655929657628884,-0.06745487754205443,1.9028762804097943,-28.209617298963412,4.936738447061653,0.000923909,0.000234743,-15.069404491620034,-9.269037715428581,-5.329070518200751e-15,-9.94260105393257,2.6261067546682364,-0.26412673508905793,0.6456289096255281,0.0011966,0.000179562,-6.489888103322475,0.20981065407538865,0.2529594162071554,-1.0934014636459875e-17,1.1477233107045723,1.2886213586701104e+16,4.999399023536863,0.001497522,0.000173504,0.018051139,0.016515337706861154,1.0,561,0.001513058,0.009766407,0.002625263,-0.3088733046767545,-0.11116176278224076,0.5202756929320446,-0.0674548775420536,0.17697044441685605,-2.623538146763771,4.089654840731216,0.000918492,0.000208402,-1.311828358680004e-16,0.4008665020447645,0.8093097255339688,0.4012637019660245,0.2368240529350149,0.5901955541322976,1.6182433296148901,0.001208996,0.00015549,-202.31776702049015,-4.372303491952313,450.4072996568105,-3.445055688533819e-15,86.66555819449574,-2.5908554674162204e+16,4.847856368807196,0.001440329,0.000146427,0.139868587,16.39278716863229,1.0,561,0.001427131,0.130520788,0.003169844,-20.86015945104603,0.22151839567920129,5.867780642684883,-0.06745487754205347,3.8387447954129588,-56.908335398278226,4.929194524105992,0.001119168,0.000230699,-30.206763707774996,-19.269694910039014,-7.105427357601002e-15,-20.28646580983116,5.185960036338486,-0.25563644673017827,0.6165845225400598,0.00131994,0.000194832,-3.167390103366431,0.10103564057051499,0.12221174717364428,-1.2405901222137166e-16,0.5601241956690933,-2.3281263192157748e+16,4.9993446782628395,0.001599638,0.000201504,2.685966309,0.056650512,37.0460676288551,1.0,561,0.001844495,0.048204161,0.002574533,11.526083914313114,28.712404756217428,186.54474807724702,33.74827520968094,29.582129828034567,0.8765523465788473,3.0451895306209944,0.000897734,0.000201129,-4.464595342103393e-14,150.3554236434825,229.59635520472827,126.34007088301898,62.38788030058566,0.4938091285254379,1.3314623189334158,0.001111303,0.000151975,-0.09653079529634358,-0.01323605637062312,0.7229102897873477,-1.019807134362123e-17,0.12902706179075754,1436796110298157.2,4.987659318011279,0.001405844,0.000152497,1.6169e-05,32,32,-0.009150475935562412,0.058115781596693776,0.20959776255477106,-0.5865276677654857,-6.35112118822512,-0.1574525143456553,487.011040032273,0.000245694,-0.00024312442770554324,0.010750506818517679,0.20959776255477106,-0.5865276677654857,-44.21812698945467,-0.022615159620815336,0.005702864,51,22718.021839557,723.2379854120001
"fcidump.29_2_{'Mo'_ 'def2-SVP', 'I'_ 'def2-SVP', 'Cl'_ 'def2-SVP', 'default'_ '6-311+G(d,p)'}",52,74,104,0,"[0, 0, 0, 0, 0, 0, 0, 0, 0, 0, 0, 0, 0, 0, 0, 0, 0, 0, 0, 0, 0, 0, 0, 0, 0, 0, 0, 0, 0, 0, 0, 0, 0, 0, 0, 0, 0, 0, 0, 0, 0, 0, 0, 0, 0, 0, 0, 0, 0, 0, 0, 0]",1,1.1737760090123517e+26,26.069585228656827,0.000217439,3.1742e-05,51,51,51,51,51,51,0.39873547,10.877065393165466,1.0,1378,0.004641334,0.361028269,0.007516031,-12.475273140518196,0.034754687024941645,3.3501266380055217,-0.0013433842127007916,1.8405670733937642,-1370.0972930845703,5.6174742369577,0.002294496,0.000215675,-18.102159480420788,-11.928619041953684,3.835965430791678e-56,-12.27944439225606,2.4780424134185446,-0.20180411541920443,0.446938696158246,0.001933758,0.000152345,-8.31723793095509,0.16742742491247192,0.19011944976260675,2.1990956064690601e-16,1.1648020177411216,3641035345694933.0,5.67201408407863,0.016856375,0.003845516,0.951016501,0.02831922040024769,1.0,1378,0.101607284,0.447593461,0.21116811,-0.28102046863443236,-0.048992531041303564,0.5974827845178603,-0.0013433842127010052,0.16674434327096535,-124.12260148250668,4.426026866364576,0.058069058,0.005357034,-4.266487221166531e-17,0.3888894661569653,0.7848400313568549,0.39766370018624575,0.20141291987202076,0.5064905843246167,1.4616235520362542,0.050275922,0.004065176,-130.29639992590833,-5.050565773151529,473.86516975233565,7.0883470033759995e-15,68.71506869862004,9559230886648640.0,5.598628236751702,0.067613257,0.003970022,1.451698898,22.10986030858383,1.0,1378,0.104538894,1.313289034,0.007364249,-25.327324399877714,0.1482148563100755,6.276391848651254,-0.0013433842127000572,3.702590476812087,-2756.1664353420942,5.610447810775796,0.002136952,0.000228067,-36.28123821866693,-24.221997206326478,-1.0658141036401503e-14,-24.956552484698364,4.920745480493062,-0.19717248540278648,0.4313457374708328,0.002085328,0.000175193,-4.085651866603398,0.08240465011311623,0.09267008268172053,5.817995657891446e-17,0.5721767379192098,3617251833254590.5,5.6720666822748615,0.017129894,0.003785475,16.798879212,0.274298249,63.25502732803872,1.0,1378,0.00369415,0.235024221,0.007376583,12.673250438424898,38.50950618039323,314.7524696752017,46.36108959737422,41.974850007098965,0.9053896353953752,3.4166209804894976,0.002332755,0.000234037,-5.455086957721824e-13,235.09621247684572,430.53269352548216,231.24987135119605,96.892484186737,0.418994759307726,1.1717675510015422,0.002042039,0.000175218,-0.061755160930040444,-0.00833238493280443,0.5715966075118988,2.2684845455081324e-18,0.08052373444639511,787375845102732.6,5.660500759350735,0.018765481,0.004352567,0.000399711,51,51,-0.004529042930471536,0.03588544044213783,0.28063263431107954,-0.4570480046999309,-7.923404788393681,-0.12620836959697385,1053.9530113665644,0.068432664,-8.276776202888378e-05,0.005264019174687151,0.28063263431107954,-0.4570480046999309,-63.59987325568385,-0.01572330177420017,0.740831805,115,220088.25685900895,7792.008213717
"fcidump.30_4a_{'Mo'_ 'def2-SVP', 'I'_ 'def2-SVP', 'Cl'_ 'def2-SVP', 'default'_ '6-311+G(d,p)'}",24,39,48,3,"[0, 0, 0, 0, 0, 0, 0, 0, 0, 0, 0, 0, 0, 0, 0, 0, 0, 0, 0, 0, 0, 0, 0, 0]",1,1677106640.0,9.224560678402801,4.2669e-05,2.6906e-05,23,23,23,23,23,23,0.306977544,6.985585348645918,1.0,300,0.000849682,0.294753858,0.003068544,-8.978335525889282,0.054016965146298335,2.6480944392380676,-0.09799011924823249,1.9520077066254244,-19.920454445825527,4.459804978279578,0.002173631,0.000336685,-12.61896112432707,-8.190553053091705,-7.105427357601002e-15,-8.632187834921728,2.482560139302823,-0.28759338730554085,0.7091163296263974,0.001880579,0.000319646,-5.322681222077393,0.23969313002352644,0.28630739010085066,-2.9605947323337506e-16,1.1105468727406003,-5664336715924383.0,4.522493904172628,0.003219283,0.000262267,0.032535205,0.012304290864899311,1.0,300,0.001289676,0.025178855,0.001808622,-0.38197290884996515,-0.13577435060331816,0.4095102355903311,-0.09799011924823245,0.1932240500069393,-1.9718727917603283,3.962155614697178,0.00076282,0.000213705,-1.0641975538334608e-17,0.22416268805494183,0.6611200865047051,0.2857080370148089,0.21161821499297387,0.7406799514778971,1.980744774587495,0.001146019,0.000239824,-197.51659942964127,-7.683932817797737,557.9573506501754,3.730349362740526e-14,124.76501404440425,3335651350840389.5,4.440340056691115,0.001613452,0.000194394,0.86728934,14.324588881630703,1.0,300,0.00082479,0.861932231,0.001337008,-18.08906115781778,0.25775277731071655,5.076338100039456,-0.0979901192482329,3.922500490925368,-40.02955115289451,4.456762852801885,0.000670722,0.000210769,-25.285761823995344,-16.90246602652919,1.0658141036401503e-14,-17.550083706858263,4.925233854449548,-0.2806387671259285,0.6861450756489444,0.000898704,0.000136354,-2.6075898748617794,0.11623186312968695,0.1400286225592271,-3.700743415417188e-17,0.5440292493056601,8636404026423544.0,4.522542045278356,0.001088136,0.000128381,0.702159784,0.048216527,24.817671139154967,1.0,300,0.001232137,0.042595678,0.001285205,8.829713237348507,21.103726073722463,71.6245428839758,22.638062980124317,11.728914862717726,0.5181059383488523,1.6220714938684035,0.000604656,0.00020663,1.798045118014697e-15,38.972788907319746,80.41178727032762,44.059778933550994,18.057511254678218,0.40984116788038716,1.1281098073829727,0.000833566,0.0001818,-0.09274784418414768,-0.04756418583311563,1.145149533012455,-9.25185853854297e-18,0.2393914788137276,2637976656694431.5,4.521462114814791,0.001067428,0.000127793,1.6297e-05,23,23,-0.015105498316590775,0.08064799444702689,0.21797153040502956,-0.6720490825597838,-5.338982717203686,-0.18730159900644155,249.28086272662551,0.000143753,-0.000578084713318918,0.01712012270945975,0.21797153040502956,-0.6720490825597838,-29.615248967875708,-0.03376638842660824,0.001527646,6,793.6798242689999,23.384006115
"fcidump.31_4a_{'Mo'_ 'def2-SVP', 'I'_ 'def2-SVP', 'Cl'_ 'def2-SVP', 'default'_ '6-311+G(d,p)'}",43,63,86,3,"[0, 0, 0, 0, 0, 0, 0, 0, 0, 0, 0, 0, 0, 0, 0, 0, 0, 0, 0, 0, 0, 0, 0, 0, 0, 0, 0, 0, 0, 0, 0, 0, 0, 0, 0, 0, 0, 0, 0, 0, 0, 0, 0]",1,4.726830153793136e+20,20.67456999735355,0.000155562,2.8325e-05,42,42,42,42,42,42,5.461575841,9.278944654662855,1.0,946,0.002614506,5.416343656,0.00483726,-10.971283685115102,0.039999750437827074,2.6694080119352894,-0.02046807830874128,1.7767991888376689,-86.80830520757104,5.340972427815694,0.001769414,0.000330046,-15.902214627051716,-10.206347465807509,-1.7763568394002505e-15,-10.744680477753244,2.3879165045508772,-0.2222417418084265,0.511485435924203,0.00182391,0.000195116,-7.831081987531263,0.19529691155198872,0.21556913968446287,1.058584744410033e-16,1.208601827918437,5871032665525793.0,5.391866196041114,0.029769332,0.003613323,0.751636539,0.02213969737045469,1.0,946,0.091422984,0.403806262,0.129514004,-0.2664710963699479,-0.06388845635756363,0.5233436095663855,-0.02046807830874137,0.17145242640529734,-8.376576629183383,4.44142170782579,0.033233558,0.004722597,4.662069295247126e-17,0.33362973511848304,0.8076040083196883,0.3421023193082402,0.193218542531952,0.5647975229243002,1.682507886178361,0.036983479,0.003757406,-139.57719032443075,-5.746864739824238,504.0615216973812,-1.6235075299634848e-14,80.70038044276237,-5001549663954075.0,5.323871768902119,0.042934857,0.003214526,4.234797233,18.918797867815492,1.0,946,0.055890728,4.159094249,0.004729679,-22.244212156406263,0.17934435797801696,4.969125615660591,-0.02046807830874207,3.572453422307876,-174.53780313035406,5.332818968158776,0.001482209,0.000199889,-31.865513978431906,-20.884488839446266,-1.4210854715202004e-14,-21.831463274814727,4.74939694387927,-0.21754826436019442,0.49536508437474475,0.001509275,0.000147943,-3.8474059205812567,0.0955617112105687,0.10610189219361633,1.145724342273054e-16,0.5937784453220905,2767263406692197.0,5.391843533272448,0.007947877,0.003180701,8.343782918,0.330586073,39.61370367183703,1.0,946,0.002600196,0.232098125,0.004789046,11.186255345804973,28.969611523708323,146.77992059167462,32.50260904781046,21.098578799926944,0.6491349284880947,2.338249782200388,0.001467765,0.000242581,4.2165668967771184e-14,115.60093656591972,171.50361110560306,105.27518679905444,36.994033338195955,0.35140316026044066,0.925784838468423,0.001604227,0.000171195,-0.07695474700925944,-0.01723329779370079,0.9206214870854788,1.589490812871772e-17,0.14252332684357433,1229763491294044.5,5.38635234772422,0.082796337,0.004491067,0.000475509,42,42,-0.005831980837960078,0.04147418109694674,0.31130220660462293,-0.48952097361697866,-7.111508465013145,-0.14061714261042768,630.9525576583596,0.012973989,-0.00012713158893276982,0.006628595651458082,0.31130220660462293,-0.48952097361697866,-52.13964292516436,-0.019179264450186063,0.212800891,6,5774.941705206,197.719456201
"fcidump.3_ts_ru_macho_co2_{'Ru'_ 'cc-pVTZ-PP', 'default'_ '6-311++G__'}",28,34,56,0,"[0, 0, 0, 0, 0, 0, 0, 0, 0, 0, 0, 0, 0, 0, 0, 0, 0, 0, 0, 0, 0, 0, 0, 0, 0, 0, 0, 0]",1,2142582442263899.2,15.330937541695091,7.6009e-05,0.002177569,27,27,27,27,27,27,0.297894423,8.91171529613281,1.0,406,0.00179187,0.271703256,0.002531435,-11.49933123202836,0.044253231571068,4.247292220320341,-0.1345058225806747,2.3319975911595643,-17.33752150217041,4.659453521673637,0.007018962,0.002898519,-18.590323472901396,-10.062851269293898,-5.88240417375914e-15,-10.827032035121565,3.486890082708739,-0.3220541023059408,0.8626678775167081,0.002973316,0.000338869,-5.090311387489113,0.19766287172829153,0.2249631637920226,-3.96508223080413e-18,0.9802035304921121,1.0206740977775086e+16,4.754136858781597,0.008305723,0.000240752,0.019824856,0.03066244961384147,1.0,406,0.001256852,0.011152189,0.001979953,-0.4750113074474955,-0.1651596818125779,0.4819105497900819,-0.13450582258067453,0.21758818968544652,-1.6176860266026085,3.8342756589777998,0.001375547,0.000285907,7.913108944450574e-17,0.32145839911175134,1.1301083535177336,0.40973624029757616,0.27845328293136395,0.679591540960921,2.0011745667080643,0.001306791,0.000244643,-77.28895146390641,-5.186462431609961,262.55088551514496,-1.5384519055520027e-15,52.42498238985971,-3.644541898656093e+16,4.693176879968728,0.001799638,0.000311207,0.158981249,18.01263279558841,1.0,406,0.001168927,0.15208501,0.001864075,-23.21587599804729,0.32969027704579057,8.308720942589737,-0.1345058225806761,4.699876032996407,-34.94180358011968,4.646086100289623,0.000809831,0.000311299,-37.225359557625694,-20.617547788840902,8.04022244361727e-17,-22.06380031054071,6.957714104980635,-0.31534522643665663,0.8368711562081028,0.00107435,0.00015815,-2.4912597899878266,0.09648545254088955,0.11133846017997215,4.5102810375396984e-17,0.4797168650842388,3306048062357706.5,4.7542178904088,0.001278028,0.000144515,1.378844174,0.050729153,42.206538145209585,1.0,406,0.001173461,0.043662591,0.001787365,9.949863912220117,25.09049180442882,124.92423347222612,31.14025810229566,20.786980745118186,0.6675275675889716,2.2058551042660133,0.000928271,0.00023602,-3.901041193881314e-14,82.33764323317962,147.19550386220223,83.49657705613608,34.99231890000659,0.4190868671955342,1.1196730349871253,0.001214196,0.000185752,-0.059788226880922724,-0.023775478945843198,0.7389354417050075,-2.8870754993042574e-17,0.14264656637416212,2005455932510030.2,4.753848361420752,0.001311969,0.000147365,1.596e-05,27,27,-0.014001853491289035,0.08306903902202818,0.3546156773330653,-0.8667175564845421,-5.9327173415797105,-0.16855682521590287,392.4952341364575,0.000314481,-0.00047080605741357264,0.016504499181252456,0.3546156773330653,-0.8667175564845421,-35.055834395855975,-0.02852592206786018,0.001933071,27,9010.885238296,265.960565479
"fcidump.45_1_star_{'default' _ 'cc-pVTZ', 'Ru' _ 'LANL2TZ'}",36,56,72,0,"[0, 0, 0, 0, 0, 0, 0, 0, 0, 0, 0, 0, 0, 0, 0, 0, 0, 0, 0, 0, 0, 0, 0, 0, 0, 0, 0, 0, 0, 0, 0, 0, 0, 0, 0, 0]",1,4116305022165108.5,15.614507548922024,8.5883e-05,4.3687e-05,35,35,35,35,35,35,0.349450321,10.778259451026235,1.0,666,0.00195352,0.336646137,0.003124037,-12.516128953596843,0.020412532407946396,2.8312377557091657,-0.15203627390913171,2.1543450519613385,-14.169941136869339,5.095318457957839,0.001082041,0.000225513,-15.090678202789439,-12.403408253798663,1.7763568394002505e-15,-12.22112888474181,2.48311907604199,-0.20318246370367524,0.43211333511999583,0.003652392,0.000181795,-5.653213057752123,0.159340006505797,0.1957587129493344,-5.396917480816733e-17,0.9557320956771986,2.0762871221495636e+16,5.129168310358405,0.002347381,0.000156461,0.032721336,0.08676140679012385,1.0,666,0.00193623,0.022744335,0.003097201,-0.5179216117283385,-0.21416896022863952,0.5994228697696735,-0.152036273909132,0.26706161918289695,-1.7565651427534512,3.715637552132888,0.001451623,0.000209874,3.7871094172754466e-16,0.49962667985488646,0.7869055389004339,0.484324291819688,0.21045945179017672,0.43454242404287663,1.1725398911998453,0.001267174,0.000151512,-23.487708281608235,-3.7535417764853696,195.84350977619334,-1.973729821555834e-15,33.44725247911399,-1.785062717918498e+16,5.1135826897016985,0.001642675,0.000144164,0.491188511,21.766788941544306,1.0,666,0.001676131,0.481720714,0.003166164,-25.342587995059453,0.33631880437610984,5.178281743933921,-0.1520362739091319,4.355388134531195,-28.647032859633875,5.086543662755877,0.001098138,0.000203038,-30.61659938223408,-25.35282247220139,3.552713678800501e-15,-24.926582061303307,5.042076858143765,-0.20227710504968188,0.4289366908266938,0.001259128,0.000149013,-2.7708278608027546,0.07824403946460007,0.09533671006427082,1.1950317278951338e-17,0.46843487073849066,4184310345197788.5,5.129179554962811,0.001669896,0.000177557,3.729681175,0.052194665,83.77904201290406,1.0,666,0.001965494,0.042023505,0.003234119,8.036795309760148,37.35821770284039,296.7919995885699,46.33697675395237,47.08365767364703,1.0161141483972835,3.4383865597943553,0.001455515,0.000204742,8.526275022308395e-14,248.62937402028268,360.63585899489686,228.5698294673499,82.4912641431209,0.3609018055241817,0.9393601545344492,0.001289183,0.000150983,-0.0348095170106507,-0.007900956245667463,0.35724705111009003,6.794333614242494e-18,0.06064736330904704,567889336976573.2,5.12238470872633,0.001604096,0.000192519,1.8033e-05,35,35,-0.009883882705799818,0.06066108470179399,0.29002788551247954,-0.5098135842032231,-6.137373996374831,-0.16293613532280765,718.8768295352762,0.000347762,-0.0002584976014957977,0.010931061498902082,0.29002788551247954,-0.5098135842032231,-42.28689719229025,-0.02364798711649906,0.00742781,77,58827.742744849995,1730.6632757779998
"fcidump.49_2_{'default' _ 'cc-pVTZ', 'Ru' _ 'LANL2TZ'}",36,54,72,0,"[0, 0, 0, 0, 0, 0, 0, 0, 0, 0, 0, 0, 0, 0, 0, 0, 0, 0, 0, 0, 0, 0, 0, 0, 0, 0, 0, 0, 0, 0, 0, 0, 0, 0, 0, 0]",1,4.143208976558344e+16,16.61733683894089,8.3708e-05,2.5384e-05,35,35,35,35,35,35,0.484500906,10.96950934113673,1.0,666,0.001865005,0.474029414,0.003246895,-12.908957241244565,0.02196258980122312,1.818728281881216,-0.20030908106070713,2.1799763598093285,-10.883063055681685,5.129536166669864,0.001447389,0.000227,-15.570456686213873,-12.796770922306678,-3.552713678800501e-15,-12.575246266064298,2.5071263716487127,-0.19936996211473587,0.4223678295319768,0.001444378,0.000207299,-5.483055857371279,0.15440284410295976,0.18301588793852858,1.310679959626921e-16,0.9269414586541523,4011552767367294.5,5.1288386708473075,0.001767594,0.000181285,0.033506152,0.14735492816454812,1.0,666,0.002335916,0.021196245,0.004424253,-0.5298103839237805,-0.21316940740725893,0.4658788052618089,-0.20030908106070733,0.20508000069688712,-1.0238177900418508,3.2878763370704656,0.001716993,0.000248537,-1.9942077413217042e-16,0.5037401983869645,0.8678666662310734,0.5092624872343863,0.21161703484446973,0.4155362708800379,1.1193538838317136,0.001420535,0.000166797,-18.584669044584892,-3.91173207123507,167.34641918365966,4.810966440042345e-16,28.441602197159597,4.894470221196518e+16,5.122144983760612,0.001745349,0.000161419,0.423820716,22.40391322220171,1.0,666,0.001764014,0.41352279,0.003254905,-26.107739957855344,0.35157218821014835,3.4123080573821363,-0.20030908106070702,4.427607501538824,-22.10387805731566,5.118558554926024,0.001135298,0.000206768,-31.562273674513424,-26.311417736738623,1.4210854715202004e-14,-25.659755019362983,5.086284516515841,-0.19822030696231138,0.418268276381387,0.001263235,0.000148897,-2.6861432104913097,0.07531817870447347,0.08932226207894697,-2.929755203871941e-17,0.4541067099724202,6422786241023886.0,5.1289671154791705,0.002112329,0.000332282,3.782131771,0.070261798,172.62244441831348,1.0,666,0.002298994,0.05870502,0.003176558,13.037866623078779,38.54617397018393,384.48537174796377,52.711069546329725,60.96269641260879,1.1565444779872358,3.7747820968634715,0.001375358,0.000327748,5.6822850666772193e-14,314.13834273765997,481.64272090734147,313.41608069610834,92.90337351766554,0.2964218469943336,0.7505600568805567,0.00218826,0.000199227,-0.013629841797549697,-0.006336449806492608,0.23445017167022492,1.2287624621502384e-18,0.03967607524097041,391944683269298.25,5.125947282601546,0.001749224,0.000153264,1.6253e-05,35,35,-0.009655435085906787,0.061749589755973215,0.1579511711333459,-0.5327482116225292,-6.395319237980746,-0.15636436005589452,804.6536579760374,0.000308364,-0.00024131994646435986,0.011186897682163174,0.1663967164626047,-0.5327482116225292,-46.35711985714403,-0.02157165939302615,0.006208425,94,67574.198419897,1969.2970043
"fcidump.40_1_ts_{'default' _ 'cc-pVTZ', 'Ru' _ 'LANL2TZ'}",34,32,68,0,"[0, 0, 0, 0, 0, 0, 0, 0, 0, 0, 0, 0, 0, 0, 0, 0, 0, 0, 0, 0, 0, 0, 0, 0, 0, 0, 0, 0, 0, 0, 0, 0, 0, 0]",1,2.5336755980333277e+19,19.403751008730964,6.6515e-05,2.483e-05,33,33,33,33,33,33,0.17602979,14.363234649419832,1.0,595,0.001608282,0.166117644,0.003481323,-30.74553214417965,0.06560666995569384,8.998214160733367,-0.37121315681799694,5.51845448473486,-14.86599917965871,4.980229976370134,0.001204139,0.000245185,-49.25430463407918,-22.916396335921945,9.884583168063389e-15,-25.71602002036194,13.252965690370626,-0.5153583517152706,1.4607031130351875,0.001401045,0.000206065,-3.4868118565315314,0.08503176650117258,0.3802368494422573,6.673583254640187e-17,0.6110176015946588,3664584824168586.0,5.037410551806417,0.001528329,0.000154479,0.021031993,0.008451195197587464,1.0,595,0.001604879,0.007218133,0.003420998,-1.6103500404978845,-0.09232033875853272,0.6928049938101118,-0.3712131568179957,0.7206204140854641,-1.9412577405999152,3.2695351443693106,0.001096264,0.000314159,1.8071394990111294e-16,0.2784860527271332,0.7851090098160325,0.3140603300130945,0.1972561834414839,0.6280837297510943,1.9144598393623364,0.002294268,0.000339426,-265.46159626860543,-6.832934619310659,571.7627281095993,-1.739784786824363e-14,108.97420473959782,-6299870687362146.0,4.87634567007319,0.002672587,0.001943504,0.326339675,28.555555239396305,1.0,595,0.003286679,0.315101341,0.002818499,-60.91248275807355,0.7055613215820752,17.977541598411104,-0.3712131568179928,10.990987996853274,-29.608293227177292,4.9806578607522125,0.001129965,0.000260844,-98.76983830012945,-46.22478989826502,-1.4175593051245162e-14,-51.74610037073698,26.458323366432353,-0.51131047899012,1.448853931704328,0.001580037,0.00020225,-1.7204983890018855,0.04224220651583638,0.1852414806948582,-2.0816681711721685e-17,0.30143806460605044,3806837994697591.5,5.0376370149839165,0.001617015,0.000190254,3.111027472,0.100224382,91.78862425702671,1.0,595,0.001744813,0.090758835,0.003061169,24.39303800290333,69.69973279384956,207.64274524968533,74.11510573212855,32.088828580708125,0.43295935779523237,1.3661501757971366,0.001042198,0.000242471,-5.684341886080802e-14,124.76896008882748,203.1748956879691,129.7451556918756,36.28150453939791,0.2796366796580891,0.6990021951645811,0.001457001,0.00018268,-0.024361482406200834,-0.015726767976346614,0.5195625315144737,9.183830166936038e-19,0.09050371711121316,896801102096953.1,5.042599959083533,0.001501981,0.00015037,1.632e-05,33,33,-0.02222587825829238,0.16213923519121867,0.5075200321786502,-1.659675985602446,-7.295065387606272,-0.13707896322614516,1188.0189808282976,0.000247636,-0.0006275100620549538,0.028277912069790807,0.5075200321786502,-1.659675985602446,-45.06367910211931,-0.02219082018877972,0.004630393,24,20081.355818153,603.359791932
"fcidump.41_1_ts_{'default' _ 'cc-pVTZ', 'Ru' _ 'LANL2TZ'}",36,32,72,0,"[0, 0, 0, 0, 0, 0, 0, 0, 0, 0, 0, 0, 0, 0, 0, 0, 0, 0, 0, 0, 0, 0, 0, 0, 0, 0, 0, 0, 0, 0, 0, 0, 0, 0, 0, 0]",1,2.852194023964007e+20,20.455179065594553,9.0166e-05,2.5915e-05,35,35,35,35,35,35,0.187689738,14.686176366946105,1.0,666,0.001834041,0.17725498,0.003698307,-31.98693331071214,0.0655933134098835,9.270442884333365,-0.3529590603961497,5.579178004401952,-15.806870060624219,5.064796348961408,0.001236641,0.000219487,-52.1911615523834,-23.168123571655862,8.431735770602819e-15,-26.774173998383688,13.764850381417956,-0.5141092450601433,1.474031107485841,0.001333425,0.000176633,-3.5186593413747573,0.08401498125084608,0.35891068409113563,-8.577243853440879e-17,0.5983387883672949,4.205490799068791e+16,5.123006055414082,0.001689304,0.000163096,0.019959075,0.008315988384416606,1.0,666,0.001743154,0.010273699,0.003163569,-1.6103291760008533,-0.10746044675088012,0.6914705098048076,-0.35295906039614966,0.7025505238156023,-1.9904589586879653,3.5699752529007895,0.001241013,0.000204903,-1.156564512273554e-16,0.29096648051448526,0.8080156666601845,0.3180536500801842,0.19524489372054382,0.6138740859327376,1.884982500784977,0.0013338,0.000154921,-273.1672239195828,-6.604872450443489,598.2134793695705,-4.761623194503449e-15,110.47817360071338,-2.36995074443123e+16,4.963211049985664,0.001629198,0.000146375,0.21924197,29.222246752357176,1.0,666,0.001911135,0.19441179,0.00697002,-63.41859554007664,0.6880003735598595,18.55809807944888,-0.35295906039615094,11.11554734969276,-31.492455066083295,5.064533524962483,0.002451334,0.000435581,-104.64301948583918,-46.75840777201475,-4.045227350640019e-14,-53.86640164684756,27.479195315040094,-0.5101360862230208,1.4620651220199719,0.005494514,0.000804934,-1.737124345867389,0.04162614791143075,0.17488062786923825,2.3226019872800585e-17,0.2953429226249942,2396757786463123.0,5.123234248870916,0.006226848,0.000411207,3.768977839,0.11390125,95.5810745225839,1.0,666,0.001964841,0.095788035,0.004177329,25.381158453846282,70.39532946597389,223.83937666678844,77.86396816692178,34.113920636445705,0.4381220407790365,1.3812258112841684,0.003834512,0.000658771,8.526512829120916e-14,137.03300206318556,224.51476861577277,141.65461343406434,39.660796088040534,0.27998238198222436,0.7029199190535926,0.003602971,0.000456248,-0.02347545390231828,-0.014291064717184342,0.5074622412612714,-2.6984587404083666e-18,0.08583600802958187,882164937147083.1,5.126888745105464,0.002960063,0.000326826,2.4614e-05,35,35,-0.020198716249601827,0.15491585569592703,0.47151335397915023,-1.6540075199473188,-7.669589184856326,-0.13038508007371685,1321.5449717403249,0.00053383,-0.0005278046932900517,0.026236034291452225,0.47151335397915023,-1.6540075199473188,-49.70784577135136,-0.020117548537505532,0.007665272,46,39197.325747676005,1185.024260322
"fcidump.56_5_{'default' _ '6-31++G(d,p)'}",44,66,88,0,"[0, 0, 0, 0, 0, 0, 0, 0, 0, 0, 0, 0, 0, 0, 0, 0, 0, 0, 0, 0, 0, 0, 0, 0, 0, 0, 0, 0, 0, 0, 0, 0, 0, 0, 0, 0, 0, 0, 0, 0, 0, 0, 0, 0]",1,3.031534339019252e+20,20.48166249197132,0.000183697,3.2949e-05,43,43,43,43,43,43,0.431366956,11.472355038961789,1.0,990,0.002769731,0.359262917,0.005154054,-14.025252097073203,0.05486229571115868,7.02785499991231,0.19788634231034732,2.593317037022214,13.105083487546024,5.380580176589217,0.001881389,0.001588207,-27.58970566373759,-12.596040600707727,1.1440426785167684e-14,-13.754494132429528,4.1286406192647584,-0.30016666403822845,0.8271692085927623,0.001834523,0.00019203,-6.429532323710007,0.15846269704859475,0.17617851005427515,2.3339915858597042e-17,0.9807904647769239,7951930710746962.0,5.425652265168326,0.053587342,0.004749838,1.064685235,0.015388912962108729,1.0,990,0.098760645,0.230952888,0.189520957,-0.2667371206450899,0.07095484152372114,1.8174785220075145,0.19788634231034755,0.48569594045923686,2.454418707166328,3.874908375521524,0.037827789,0.004605284,9.86217401147127e-17,0.484929167555774,1.6905416667723694,0.5185217100450826,0.32380416887442054,0.6244756248417594,2.16512339926747,0.041532413,0.074174105,-163.35166072361474,-4.03139052799125,393.5383299218753,1.5785352822852226e-14,64.72971149767224,4074804772642750.5,5.276793482739556,0.381046179,0.004549333,1.777069659,23.436686157510415,1.0,990,0.09839568,1.651205931,0.005054044,-28.923404985247295,0.12527747780384602,12.314808265157286,0.19788634231034707,5.119530954085234,25.871067676091666,5.3396460979227385,0.001635333,0.000284577,-55.675294588054555,-25.737768024741627,-4.85740462609352e-14,-28.027509974904152,8.377771677682292,-0.2989124501314513,0.8210447586611949,0.001896807,0.000167422,-3.154552698022842,0.07763929342789087,0.08601099808828135,2.5232341468753557e-17,0.48120980336057473,3842536182880845.0,5.42560903395549,0.013715943,0.003622834,9.740765543,0.088135265,72.2629942456589,1.0,990,0.002680585,0.066327721,0.005104655,14.815843639417428,42.761880094235,282.4532701846357,53.42227925115539,41.3357610138579,0.7737550998063024,2.772401184525175,0.001905033,0.000266044,-2.2801640234954273e-13,221.03411953862792,347.7503750470238,210.8428136830745,76.73615462368775,0.36394958539603184,0.9717122042379517,0.001619214,0.00016807,-0.04551720010436498,-0.008960932489392216,0.4830738097993774,-1.8332873098391257e-17,0.073978057472191,905848660028394.1,5.418101936449303,0.008140189,0.001729588,0.000175179,43,43,-0.006979521785962989,0.059617306091530355,1.175203520960388,-1.0282562013967698,-8.541746543643132,-0.11707207593793871,1030.7221859615922,0.004941614,-0.0001454206439803179,0.009384749441434987,1.175203520960388,-1.0282562013967698,-64.53519379759952,-0.01549542104322613,0.182974933,33,59725.363243479,1978.847696752
"fcidump.50_6acme_{'default' _ '6-31++G(d,p)'}",45,68,90,0,"[0, 0, 0, 0, 0, 0, 0, 0, 0, 0, 0, 0, 0, 0, 0, 0, 0, 0, 0, 0, 0, 0, 0, 0, 0, 0, 0, 0, 0, 0, 0, 0, 0, 0, 0, 0, 0, 0, 0, 0, 0, 0, 0, 0, 0]",1,5.3298046653960074e+20,20.726711292648496,0.000133703,2.7001e-05,44,44,44,44,44,44,2.133276694,11.386274438750563,1.0,1035,0.002993562,2.091605455,0.00541037,-13.727240568117573,0.03572559907115186,7.036606989546294,0.1752247282005496,2.5157302467544334,14.357164497211308,5.402269507433677,0.001574292,0.000290382,-27.066284402956416,-12.307783202879842,-2.442490646482482e-15,-13.468477353403902,3.975818905305166,-0.2951943861939489,0.8105138739372983,0.001840465,0.000204849,-6.704542092492959,0.16215419331524863,0.17565209728347161,3.0839528461809905e-17,1.011025138711305,7727214784379234.0,5.458747238660958,0.024249089,0.004780225,0.725040529,0.023328861311657647,1.0,1035,0.0965983,0.317846667,0.153856817,-0.2662685860757541,0.006024704110510547,1.8245826253277007,0.17522472820054985,0.4956395565484014,2.828593667334026,3.932737184097066,0.03696732,0.007739488,8.680499522580477e-17,0.4921546855662613,1.6997461830465355,0.5180045762655711,0.3194627868219461,0.6167180782938946,2.15434520689363,0.04519044,0.004535672,-101.59924522928016,-3.96234918105128,331.6361783794198,2.329001189435884e-15,52.20317937077203,2.1491623634361332e+16,5.370934390821653,0.056163651,0.004044591,1.818284638,23.223104681637754,1.0,1035,0.090796072,1.687984347,0.005655056,-28.30699814386619,0.1429371607892139,12.329945953054954,0.17522472820055005,4.959956588874781,28.306259280927268,5.360382135574105,0.001660575,0.00024984,-54.63938765865127,-25.241727108219454,3.730364807860809e-14,-27.454959283073368,8.07420338480148,-0.29408906790036354,0.8050966512950845,0.001673992,0.000177249,-3.288656305689206,0.0791436811346359,0.08612152783616464,-6.1679056923619804e-18,0.4959200172743079,5285185425451382.0,5.458706532966264,0.022346576,0.00374083,11.048357815,0.349293397,87.43597938883033,1.0,1035,0.003106155,0.31726956,0.005943398,16.084071116554252,44.351358837420285,317.83385482868096,54.979808102729436,46.035263212726264,0.8373121842606227,3.0113156180009355,0.001692959,0.000238026,2.2737367538649506e-13,251.7570242571951,366.16194979837894,236.73898808658524,93.23152495339097,0.39381567737077744,1.015586691411458,0.00169771,0.000170483,-0.04013480244286217,-0.007719464836970205,0.4528931777838901,5.608939238991676e-18,0.06855546402941365,649144518668761.6,5.454130866162349,0.014340432,0.004507533,0.000360768,44,44,-0.006585845961685139,0.05665062147371498,1.1733778545112576,-0.9977912605214446,-8.601874657150436,-0.11625372838567816,1082.3632459315236,0.025472685,-0.00013380030844946652,0.008843661256035251,1.1733778545112576,-0.9977912605214446,-66.09597061864787,-0.015129515319015026,0.481827636,21,48592.120205672,1632.6602830240001
"fcidump.1_ru_macho_{'Ru'_ 'cc-pVTZ-PP', 'default'_ '6-311++G__'}",39,50,78,0,"[0, 0, 0, 0, 0, 0, 0, 0, 0, 0, 0, 0, 0, 0, 0, 0, 0, 0, 0, 0, 0, 0, 0, 0, 0, 0, 0, 0, 0, 0, 0, 0, 0, 0, 0, 0, 0, 0, 0]",1,1.2212229280555692e+21,21.086794949438072,0.000101482,2.7005e-05,38,38,38,38,38,38,0.538756965,10.612924243311667,1.0,780,0.002259749,0.514261612,0.009257342,-12.92241857952597,0.0270943272654954,3.2565323066496923,-0.09378553035298814,2.1798121974347278,-23.24252141274241,5.186271340597411,0.002758851,0.000581269,-20.394110655846745,-11.932584582787992,1.0450530504497717e-26,-12.445846730827919,3.2441340113866324,-0.2606599680639669,0.6548040651695547,0.003623433,0.000456143,-6.166500283617678,0.1672406184875479,0.1889162105777611,2.2773805633336544e-17,1.0006032993576683,8149973800974827.0,5.247477956664533,0.005149042,0.000265933,0.036222194,0.036341303151542347,1.0,780,0.004452408,0.020314772,0.00588685,-0.38587299508907996,-0.13280894780731803,0.4597187633222726,-0.09378553035298777,0.18260558135058833,-1.9470549525422742,4.24152563909249,0.001536212,0.000255675,2.276021005885301e-16,0.41711787799093314,0.8079756199724779,0.40509048051325586,0.17868389863450782,0.44109626671086577,1.2656458855821369,0.001471904,0.000168174,-66.81924202365879,-4.735299333256609,285.2000152769303,8.528790209684536e-15,47.42156479136381,5495737367463187.0,5.198573867478526,0.00185423,0.000171829,0.73376039,21.76099327185919,1.0,780,0.002770928,0.721968264,0.003772769,-26.1354112240691,0.2594480513184154,6.337504251940179,-0.09378553035298741,4.392260394844223,-46.83302827539343,5.1772124705254745,0.001209582,0.000204945,-40.828081320368085,-24.274890625112604,-7.1054273576008e-15,-25.296783942169093,6.47164679922642,-0.2558288363462025,0.6365019704280088,0.001334963,0.000179211,-3.0285172816847417,0.08196433538923421,0.09224254056753639,-4.981769982292369e-18,0.49141536354456083,5171800858140386.0,5.2474963026360895,0.002076252,0.000160535,5.264872075,0.04976614,68.77499268118272,1.0,780,0.002140826,0.038941326,0.003790638,15.753482738316354,33.465641585359144,182.8686745035174,38.729706436617114,27.428142774954793,0.7081939239545274,2.5006200094359072,0.001255793,0.000222278,-5.690150945651079e-14,142.44901693650206,208.32583851611034,137.2003439486686,41.94322358614512,0.3057078603377083,0.768854337510874,0.001352823,0.000150807,-0.035593010092166824,-0.013542335397701215,0.5945330424393859,-6.5830531908863446e-18,0.09659363566908526,1034005487959940.4,5.24479527891969,0.001700682,0.000139346,1.5717e-05,38,38,-0.008212832988067242,0.05607650692642033,0.13780383396306617,-0.64613356184915,-6.82791273217134,-0.14645764221447555,675.90474339328,0.000339846,-0.00018932717997771287,0.009383291357811088,0.1552958435145407,-0.64613356184915,-49.56124819965481,-0.020177054378686228,0.008852455,8,7972.18761465,264.556305005
"fcidump.32_2ru_III_3pl_{'default' _ '6-31+G(d,p)', 'Ru' _ 'lanl2tz' }",7,11,14,1,"[0, 0, 0, 0, 0, 0, 0]",1,364.0,2.561101383649056,3.0194e-05,2.3308e-05,6,6,6,6,6,6,0.02675646,6.952071419903374,1.0,28,0.000121906,0.022527043,0.000217947,-9.859653703452176,0.03958825651241506,0.5827543088398731,-1.2918536796888525,3.5027464748000234,-2.7114111527271976,2.801053226658658,0.000613924,0.000299203,-11.039258646312817,-10.47585143022954,-1.1392457615298779e-15,-8.309858475417373,3.647306854054857,-0.4389132335820757,1.0382079874985481,0.001218384,0.000248088,-1.2781632765862163,0.189754615274621,0.28997749318777266,1.030921380009074e-16,0.5230474674802084,2575419573739834.0,2.580908151925663,0.001309948,0.000124107,0.006671209,0.03823733784804349,1.0,28,0.00010457,0.004418178,0.000115803,-1.747915218507179,-1.566698288398543,-0.3408707317638709,-1.2918536796888533,0.4936638334697145,-0.38213602765648735,0.8432496895448163,0.00027449,0.000134077,1.3877787807814457e-17,0.14028575995096107,0.16643877452285125,0.10689295931239065,0.05885340417089117,0.5505826066513356,1.2973859333655502,0.000611425,0.000139887,-60.25215803479141,-14.029859877771973,132.24100630722464,-3.121312732089012e-14,56.29046794292276,-1809219219989112.5,2.5158833145674215,0.000707111,0.000116568,0.014716532,13.957506627087028,1.0,28,9.1147e-05,0.012381303,0.0001357,-18.40837098675553,1.697354307920857,1.9429525447986205,-1.291853679688851,6.9999572530002085,-5.418537225273207,2.7044706120194006,0.000315905,0.00015556,-22.226110002505866,-21.096091527480745,7.49658039637946e-17,-16.726609910147136,7.348057175421544,-0.43930343416234463,1.0390418472006786,0.00063674,0.00012366,-0.6353059143712978,0.09419152079100315,0.14449990953409023,2.973811673103098e-17,0.25998954610039166,2003956529131635.2,2.580643162222125,0.000712578,0.000118262,0.005212258,0.015005205,15.229963156922611,1.0,28,0.000112859,0.012353116,0.000127182,12.897694856596706,20.899827551246794,43.55287071434257,22.3514944809217,9.216409083059068,0.41233972479673825,0.9649045935455838,0.000279512,0.000153591,-3.841951713365321e-15,24.38019221202347,25.5840295357213,19.36861931204081,8.593687394893442,0.4436912748628933,1.0472323100112768,0.000896924,0.000164843,-0.13406023141638201,-0.08108216012212582,0.5528875900669263,-2.3790493384824782e-17,0.2264555836107418,2971487333650431.5,2.5785319856847146,0.000750215,0.000113354,1.5535e-05,6,6,-0.19577991005501133,0.4961205991667103,0.01482411330055973,-1.73819838114174,-2.53407307740262,-0.3946216109225164,67.90370097495206,8.4011e-05,-0.02734854896039869,0.19978565609050636,0.03190701357069872,-1.73819838114174,-7.305164759556395,-0.13688945190344,6.9256e-05,6,33.115206908,0.867096913
"fcidump.33_2ru_III_3pl_{'default' _ '6-31+G(d,p)', 'Ru' _ 'lanl2tz' }",37,59,74,1,"[0, 0, 0, 0, 0, 0, 0, 0, 0, 0, 0, 0, 0, 0, 0, 0, 0, 0, 0, 0, 0, 0, 0, 0, 0, 0, 0, 0, 0, 0, 0, 0, 0, 0, 0, 0, 0]",1,1824010149372864.2,15.261027250551809,0.000110409,3.8067e-05,36,36,36,36,36,36,1.245795053,10.011773993808198,1.0,703,0.002297498,1.23419593,0.00336188,-11.297547985434724,0.018435757893501718,1.9467528778272531,-0.15629193927127305,1.894861835411061,-12.123861564748937,5.157274937010345,0.00119229,0.000255851,-16.879880208545202,-10.552512051836931,1.7763568394002505e-15,-10.976310125664774,2.3889958580380295,-0.2176501784923229,0.49703166659530656,0.001314056,0.000207131,-6.49946257778202,0.18879923730333115,0.19976481542799204,1.2752561769343015e-16,1.0834090541908588,4761701408281211.0,5.1695988556257735,0.002726039,0.000165952,0.027489887,0.06618365605022464,1.0,703,0.002007086,0.017197162,0.003436466,-0.3629714286261578,-0.1826319427118665,0.3786370524199775,-0.15629193927127305,0.15992684542648009,-1.0232571569087656,2.733425919493356,0.001167285,0.000205081,-1.3010431897535767e-18,0.4699447023277271,0.879813579835854,0.4598663012782864,0.22212726037502864,0.4830257397804176,1.3617252639766408,0.001339594,0.000155649,-42.32696501674826,-4.187890341425703,225.60879750301825,-1.1570324278255685e-14,38.17722869976463,-3328347810718592.5,5.142325901843198,0.001763307,0.000151335,0.312587903,20.277432179859474,1.0,703,0.00180157,0.301712462,0.003367427,-22.87974076849453,0.2833794626736188,3.846904247077534,-0.15629193927127408,3.8497076385145275,-24.631517507967178,5.142696558017058,0.001731202,0.000263335,-33.87751026101819,-21.70799958082618,3.552713678800501e-15,-22.41248655260784,4.781126234019333,-0.21332422097819473,0.4810589909847428,0.001416027,0.000153237,-3.178704791389663,0.09198908329549016,0.09881886486441975,-2.400482215405744e-17,0.5298608271807418,6972295377147164.0,5.1695985963566775,0.001919175,0.000144443,4.171231557,0.238582637,70.59833390122026,1.0,703,0.002098974,0.226687847,0.004134345,13.188924345217952,26.514847016655764,212.72389758492483,35.16133863974322,33.00365348564591,0.9386347267319779,3.2770678166202685,0.001422045,0.000266558,-3.5592578157009976e-16,174.0359185325322,248.92229857634536,163.25273669295052,56.97364631251957,0.34899045165580844,0.9006857662695473,0.001600401,0.000210078,-0.04446289452412615,-0.011233768956953178,0.5069956761592445,-1.7816078942464504e-18,0.08481118688211267,863495981392110.4,5.163585831616979,0.00187812,0.000190249,5.3481e-05,36,36,-0.008137290486825181,0.05140592477285426,0.13588628511955958,-0.5258977493554916,-6.317326984465484,-0.15829479817319025,565.7272600462763,0.000890598,-0.0002023909646496871,0.009077909182919211,0.2255742217089062,-0.5258977493554916,-44.8533322554023,-0.02229488757503756,0.010155718,30,28906.454646916998,903.219427077
"fcidump.34_3ruo_IV_2pl_{'Ru' _ 'lanl2tz', 'default' _ '6-31+G(d,p)'}",7,10,14,0,"[0, 0, 0, 0, 0, 0, 0]",1,1001.0,3.000434077479319,3.2792e-05,2.5787e-05,6,6,6,6,6,6,0.019359022,7.347124530487028,1.0,28,0.000134555,0.016679329,0.00014402,-10.609501666012761,0.03829784446453976,0.6203644153950241,-1.393111823910087,3.767847210873545,-2.7046265390944857,2.801645830653107,0.000413578,0.000194539,-11.720745823111908,-11.34535399331035,5.127259836319731e-16,-8.922350096936057,3.934110522265287,-0.44092761206672043,1.0400226849535366,0.000703351,0.000133217,-1.1936777333402668,0.17544969393919663,0.2747880172926215,-7.137148015447435e-17,0.48859225728071853,1.7066626563897638e+16,2.580530360052799,0.000741795,0.000147986,0.007053519,0.03505554150788002,1.0,28,0.000108275,0.004410837,0.000135237,-1.8236137505271286,-1.713693632991899,-0.33759487052896864,-1.3931118239100866,0.54158041428241,-0.38875588088997837,0.8403820734154601,0.00038898,0.000188386,1.1915381875615694e-16,0.13911825265777136,0.16992136019774545,0.10658246235899736,0.06007167165801778,0.5636168496059029,1.3275744090428336,0.000691956,0.000145219,-66.54622553586574,-13.971880707066946,138.8607500296671,2.5884056802689363e-14,59.50995259507584,2290248710852438.0,2.5072845436518962,0.000787652,0.000136414,0.017608658,14.742917359775069,1.0,28,0.00011939,0.015100013,0.000137531,-19.790959556972428,1.8288836084445355,2.0264445786835843,-1.393111823910089,7.5241251582508015,-5.400948458776706,2.7044020213555435,0.000374527,0.00018658,-23.591142285200625,-22.838449843889425,-3.6091735069326836e-15,-17.95128265623111,7.922671215940393,-0.44134290388382563,1.0409126957735237,0.000642807,0.000128602,-0.5936057408548354,0.08713695980367,0.1370017771415596,-9.71445146547012e-17,0.242983826699643,8.509370468305347e+16,2.580456995611618,0.000729012,0.000119189,0.004903949,0.013625405,15.49146414320528,1.0,28,0.00011101,0.011090758,0.000132126,13.403241313074881,22.682394276573948,45.58380706079305,23.82439190600256,9.56451353513352,0.4014588734465763,0.9324738456255244,0.000327736,0.000179791,5.736784745163925e-15,24.923309361997877,26.02854494032509,19.711712102726292,8.773072788340894,0.4450690403056113,1.0493010545916723,0.000690572,0.000143923,-0.13158999037751049,-0.07885495191666149,0.5439290199247412,-9.912705577010326e-18,0.22279769950645917,2473131210494016.0,2.57937711827662,0.0007724,0.000119061,1.6059e-05,6,6,-0.21057819085695226,0.5338588638430934,0.019470373722091705,-1.8350506771991837,-2.53520491210673,-0.39444543327624376,72.57387901198236,8.6896e-05,-0.02969962864623807,0.2149246825194613,0.03139624030028035,-1.8350506771991837,-7.236611779881153,-0.13818621620412846,6.7115e-05,10,97.47547063699999,2.8720182499999996
"fcidump.61_3_15_af_{'default' _ 'cc-pVTZ', 'Mn' _ 'lanl2tz'}",15,22,30,0,"[0, 0, 0, 0, 0, 0, 0, 0, 0, 0, 0, 0, 0, 0, 0]",1,5852925.0,6.767372959054411,3.2428e-05,2.4716e-05,14,14,14,14,14,14,0.114531446,6.890870690903843,1.0,120,0.000375113,0.110989715,0.000419276,-7.4382795001879,0.03720371629164206,1.3634367182829836,-0.33940298866919366,1.9264548450779924,-5.676010257398332,3.8554746954403747,0.000542627,0.000201396,-9.061480885590049,-7.287585942344364,1.7763568394007557e-15,-7.0651557801318186,1.9739835046446041,-0.27939702478970313,0.6494438464858525,0.000770095,0.000137067,-3.7228305152290364,0.2739961690665436,0.2905354790068284,1.850371707708594e-17,0.9951351504488674,8397501572052277.0,3.8069468496018137,0.000897076,0.000128983,0.037330118,0.2048129803676084,1.0,120,0.000494262,0.03302346,0.000452059,-0.8171998177647481,-0.367209447881253,0.15208933654297796,-0.3394029886691928,0.21280623397923273,-0.6270016502024666,1.859296303229683,0.000557885,0.000211637,-1.3411202514165314e-17,0.47447124964616877,1.0772804991978329,0.46540190191367387,0.25048943016932995,0.5382217587408842,1.5499944225371627,0.000841659,0.000166317,-10.683692342383194,-4.0545068868152745,70.82976353792385,-5.210646728907401e-15,19.081108656796616,-3733599614480874.5,3.799240342537735,0.001315631,0.000197534,0.083280597,14.14626402139293,1.0,120,0.000368852,0.079774895,0.000405025,-15.005892505149681,0.4803751967035222,2.8649098839340246,-0.3394029886691928,3.967411880521646,-11.68938404484287,3.8151064735475018,0.000501138,0.000191415,-18.53487315210709,-15.081520992845315,-7.105427357601002e-15,-14.595713462177306,4.087830523726622,-0.28007062034477775,0.6516231034825415,0.000806828,0.000142602,-1.802784590938495,0.1320531483462114,0.14159853507142597,5.921189464667501e-17,0.48189872090562536,3026775869824682.5,3.806944427528707,0.000896786,0.000131001,0.11379114,0.066923948,59.5790858757382,1.0,120,0.00041151,0.062616148,0.000435235,7.079992336050269,18.187453572993107,121.64661270095833,25.86436814024895,26.91482549263622,1.0406140736433687,2.9085548902546816,0.000781127,0.000390706,5.306595781208702e-14,92.51046103863005,132.23468272169234,91.38172823605845,33.15952189993121,0.36286818535838045,0.9128152592174095,0.000970776,0.000176735,-0.03416456952433115,-0.019288095682397602,0.309064102797848,-2.7755575615628915e-18,0.0828166877413449,851809335844583.0,3.805667657484148,0.000896997,0.000127508,1.6132e-05,14,14,-0.03286515633704243,0.12872571990441714,0.19132367204823184,-0.7350899172585428,-3.916784042780604,-0.2553114976668672,158.3950415422303,0.000104325,-0.0020177950406688175,0.036465771881894704,0.2781465860542413,-0.7350899172585428,-18.07208916016053,-0.055333945684845065,0.000162582,17,1466.700056681,38.320914396000006
"fcidump.35_3ruo_IV_2pl_{'Ru' _ 'lanl2tz', 'default' _ '6-31+G(d,p)'}",42,66,84,0,"[0, 0, 0, 0, 0, 0, 0, 0, 0, 0, 0, 0, 0, 0, 0, 0, 0, 0, 0, 0, 0, 0, 0, 0, 0, 0, 0, 0, 0, 0, 0, 0, 0, 0, 0, 0, 0, 0, 0, 0, 0, 0]",1,9.509742607895667e+17,17.978168762417607,0.000121921,2.5454e-05,41,41,41,41,41,41,3.788279169,10.738572282480762,1.0,903,0.00246698,3.768622377,0.004548164,-11.909524899036624,0.009066909938772736,2.1524647207063543,-0.136160068438835,1.8872092025021479,-13.860225131642837,5.329940585480306,0.001278625,0.000201211,-17.048670889218386,-11.245045836700916,1.0658141036401503e-14,-11.636854938151588,2.3294589679609685,-0.20017942823398147,0.43924103536048903,0.001401235,0.00020359,-6.982749070309224,0.17757378327991052,0.1864612706273374,5.088522196198634e-17,1.0906469238591205,7228321698289946.0,5.357310455840587,0.00772031,0.001661243,0.625443449,0.07406734012664017,1.0,903,0.049634454,0.33044668,0.120961109,-0.3804252346423005,-0.18324133021821376,0.4370151491314555,-0.13616006843883524,0.1854968302547101,-1.362343838260024,3.429539021985233,0.031815673,0.004406665,1.659913526075021e-16,0.5342513506936865,0.9746537440644815,0.5041849414703281,0.23041474059292777,0.45700440778929535,1.2964413095340888,0.034772451,0.003543293,-36.983785518940955,-3.6087348814836133,227.3545058336845,-1.057355261547768e-17,35.93471040783721,4.0183537934054944e+17,5.335345532988394,0.04540451,0.003484455,1.483244224,21.765574278090018,1.0,903,0.064369589,1.21264316,0.004267259,-24.17256402157371,0.25916879509298646,4.152349688796718,-0.13616006843883602,3.8310157963601097,-28.136118322245334,5.319553172342978,0.001436981,0.000289761,-34.23582459116939,-23.061523814082967,1.4210854715202004e-14,-23.7778948177735,4.663810763476767,-0.19614060871320962,0.4248109317198944,0.001747397,0.00021927,-3.4131290953172684,0.08642987688538978,0.0920715356114025,-1.850371707708594e-17,0.533098502014625,6541384255756473.0,5.357335235808483,0.191118591,0.006218236,7.513141853,0.089119269,62.79558216131772,1.0,903,0.002567449,0.061165997,0.00475174,13.769068051642375,25.69511771920699,176.48444843742848,33.23252416199282,26.356796439198042,0.7931024532088246,2.842072731339974,0.001576416,0.000226958,-5.68434188621582e-14,142.84348733099236,201.55034205157247,134.86856297526379,42.31968628009544,0.3137846607578764,0.7914594067940584,0.001599069,0.000180064,-0.04478664969896238,-0.013892217314932977,0.6699508771535817,-6.980196843811438e-18,0.10485064464239327,1127186266631200.8,5.353016051643538,0.01273662,0.004018013,0.000296194,41,41,-0.006677604391589575,0.045088455233767435,0.13147190292197752,-0.47561424865195423,-6.7521902451359646,-0.14810009251744335,623.3604624666494,0.007743939,-0.00014807659871489594,0.0075475032098041425,0.1860334621097081,-0.47561424865195423,-50.97026319696313,-0.019619282642032367,0.293403928,37,50061.355142848,1666.656587363
"fcidump.59_5_16_{'default' _ 'cc-pVTZ', 'Mn' _ 'lanl2tz'}",15,22,30,0,"[0, 0, 0, 0, 0, 0, 0, 0, 0, 0, 0, 0, 0, 0, 0]",1,5852925.0,6.767372959054411,3.708e-05,2.3757e-05,14,14,14,14,14,14,0.196525834,7.130045918714544,1.0,120,0.000363306,0.193315155,0.000386874,-7.585031879214478,0.055600881316611964,2.52577751475271,-0.2351430738907447,2.05850597287439,-8.754270065512717,3.770259395365243,0.000464664,0.000184232,-10.129989484517496,-7.480955984126809,1.776356847781405e-15,-7.321811056938712,2.0921076591264893,-0.28573636260988283,0.6713528178532734,0.000688964,0.000143791,-3.600771345956878,0.26633911379685593,0.28090039560188035,1.924386576016938e-16,0.9625708323356096,3291530744360914.0,3.8069155899624296,0.000794632,0.000119768,0.030482181,0.099745895784462,1.0,120,0.000325167,0.027150417,0.000403852,-0.6371681903641057,-0.2517561161240577,0.17999498240380962,-0.23514307389074462,0.19543387080228503,-0.8311274815310544,2.3728999393088537,0.00044164,0.000179133,5.3792472887815425e-18,0.27832778521523693,0.8965341319519307,0.35779900878776727,0.2405219198617963,0.6722263448316728,1.8906622376128484,0.000706368,0.000127614,-25.259190659545943,-6.158135770309805,112.99144767121754,3.671137468093851e-15,30.75965045657301,8156597503225120.0,3.7878773795694523,0.000972797,0.000119913,0.093094275,14.44293667380607,1.0,120,0.000329946,0.089921068,0.000382356,-15.295615946916769,0.40566950928972506,5.021918419950164,-0.23514307389074487,4.187754960163363,-17.809391069324594,3.7469633170674594,0.000459796,0.000180878,-20.41456526021562,-15.350917091382977,1.2364094109600977e-23,-15.001421122665187,4.282295327433719,-0.28545931031585603,0.6710933807169182,0.000689808,0.000144461,-1.7577794926266042,0.12960525680037405,0.1387259012790286,-5.736152293896643e-17,0.46989775101148823,1.1020509722682338e+16,3.806936121561721,0.000801429,0.000118155,0.113281476,0.126056918,40.448854640528104,1.0,120,0.00046441,0.12211832,0.000532702,11.376466188847816,19.820160875264442,84.9045013999783,23.61852746861373,17.156777153496787,0.726411804304741,2.2001177607402913,0.000477581,0.000198105,2.1877041998615107e-14,56.85502868318359,88.4012294608419,57.0217790823062,21.789929415424833,0.38213345437666685,0.9937396234982748,0.000953564,0.000206138,-0.05030014476611344,-0.03481525536473094,0.49647745450602365,1.850371707708594e-17,0.13298498309327061,1122200943340577.2,3.807154288819343,0.000841722,0.000197972,1.6046e-05,14,14,-0.03358448856877181,0.13598298393982866,0.17399447517916763,-0.7897908978422936,-4.048981828660971,-0.2469756700120115,152.44242347507168,0.00020466,-0.001851511272633848,0.03728373669534198,0.1754544422725922,-0.7897908978422936,-20.13692125260815,-0.04966002436298345,0.000270042,19,1784.5355894919999,46.482434061000006
"fcidump.63_5_15_af_ts_{'default' _ 'cc-pVTZ', 'Mn' _ 'lanl2tz'}",15,22,30,0,"[0, 0, 0, 0, 0, 0, 0, 0, 0, 0, 0, 0, 0, 0, 0]",1,5852925.0,6.767372959054411,3.4077e-05,2.396e-05,14,14,14,14,14,14,0.183994366,6.856445035622173,1.0,120,0.000346447,0.180548929,0.000383603,-7.378560881196775,0.041494086037150685,1.9895003358765073,-0.26704401493737084,1.9627064708922588,-7.349748959371241,3.8088253395147516,0.000488055,0.000180302,-9.418766384372901,-7.235557984716558,5.319228059174063e-28,-7.081301476132454,2.0115606035043574,-0.2840665109774422,0.6661315104912979,0.000894369,0.000131144,-3.722075825642235,0.2739175962378638,0.29211672209637496,-7.401486830834377e-17,0.9949901592635587,3.829074915110197e+16,3.806886556978753,0.000840796,0.000120564,0.023699156,0.10855819466746174,1.0,120,0.000311159,0.020244852,0.000416083,-0.5824877614096569,-0.2919093250509265,0.16516084012689747,-0.2670440149373711,0.20592779639064077,-0.7711380329528691,2.2761932728498384,0.000443665,0.000177958,1.4887290212017985e-16,0.3270234046723467,0.7812265949848081,0.3880978817023865,0.2444026191625217,0.6297447903875505,1.671298171859525,0.000910944,0.000157095,-23.4398624875707,-5.076221552377139,102.54324176829621,-4.736951571734001e-16,27.923028958087265,-7.472140974288989e+16,3.794309108513897,0.000839169,0.00014144,0.105278517,13.92018279720297,1.0,120,0.000387942,0.101974638,0.000385575,-14.882634225246647,0.4521688311853915,4.011955787198157,-0.26704401493737195,4.01186691138465,-15.023242188466677,3.7721070000046595,0.000459348,0.000228914,-19.079785700635686,-15.060892689388892,-7.105427357600997e-15,-14.550700833967293,4.1294734255478,-0.28379893674316486,0.6656203579268936,0.000694394,0.000125131,-1.8115409921036698,0.13205562164322035,0.14396831700697985,-1.4802973661668754e-17,0.48426405696640484,5684048819301669.0,3.806964301544582,0.000847975,0.000118719,0.110420502,0.03416053,35.037616484363504,1.0,120,0.000425461,0.030496433,0.000409509,8.45057805244129,18.581280333313916,85.29988016914518,23.22036161794923,17.82241873522536,0.7675340732613187,2.2850722382470368,0.000533649,0.000204183,-1.139911710871289e-16,60.130759481347425,84.99275838880345,58.185887883395225,21.72596682320915,0.3733889369660919,0.9489106255265047,0.000794104,0.000151381,-0.060751967354703465,-0.0317015959411909,0.49000713252349914,1.0408340855860843e-17,0.13135798593918513,1189746942313664.2,3.8045311653382567,0.000932227,0.000141739,1.8315e-05,14,14,-0.032885232152837264,0.13041288361652906,0.18645037588022167,-0.7654979919127227,-3.9656975207115215,-0.25216244929860004,148.82993943279644,0.00011229,-0.0019867143351702593,0.03622197228026924,0.2575207719080846,-0.7654979919127227,-18.23209891781799,-0.05484832023496282,0.000207979,30,2948.2029929840005,76.587064019
"fcidump.65_5_15_af_{'default' _ 'cc-pVTZ', 'Mn' _ 'lanl2tz'}",15,22,30,0,"[0, 0, 0, 0, 0, 0, 0, 0, 0, 0, 0, 0, 0, 0, 0]",1,5852925.0,6.767372959054411,3.932e-05,2.4936e-05,14,14,14,14,14,14,0.225185738,6.723939991320025,1.0,120,0.000363821,0.22175312,0.000403658,-7.195403709120835,0.07248865989357987,2.520662365894119,-0.11358569571312586,2.03210574418348,-17.89050752760106,3.726501732744201,0.000499504,0.000208865,-9.736537628041324,-7.074841609196141,2.3683626189838626e-24,-7.05089879998829,2.079738567790288,-0.2949607740496491,0.705125984656781,0.000767827,0.000134474,-3.7561454793109155,0.2798277170382276,0.2979435980697858,0.0,1.004225770203869,1.004225770203869e+16,3.8066866885442887,0.00086095,0.000127499,0.013726035,0.05169802119626494,1.0,120,0.000351972,0.010373633,0.000403531,-0.41219588722007977,-0.08023644593543972,0.2749566193972093,-0.11358569571312543,0.18996914072520688,-1.6724741573533823,2.9904702952971616,0.000460291,0.000187983,-2.58831315473812e-17,0.22379388040573994,0.7172986508342221,0.2766795721418215,0.20004177653692243,0.7230088401119266,2.0449006296619885,0.000747901,0.000154402,-39.30487112857537,-7.744924177426697,159.39795328821873,4.5593158877939766e-15,43.61670186302238,9361181536818566.0,3.774118689099193,0.000838954,0.000147821,0.116444962,13.629243534985214,1.0,120,0.000325805,0.112728052,0.000491161,-14.559337958923974,0.3108706259465442,4.890368298065796,-0.11358569571312582,4.097542889035037,-36.07446222263649,3.736692311176131,0.000524081,0.000217115,-19.586616877905566,-14.493806310485102,3.552713678839164e-15,-14.378477172118403,4.217754817690356,-0.29333807518010946,0.6998067375972657,0.000874432,0.000137458,-1.8411852370704775,0.13693225852133104,0.14706101383526776,7.401486830834377e-18,0.4922454482608175,4583227502577708.0,3.8067619326521527,0.000956909,0.000131796,0.113296499,0.099069108,29.513966430779607,1.0,120,0.00045595,0.095471284,0.00039909,12.184146293596493,17.79368559647346,59.51260975161753,20.431060184501423,10.829409818154396,0.5300463960440663,1.5779575877439156,0.000502767,0.000210462,7.323741205909852e-15,37.42774898075914,56.49882091027479,37.21526271455926,12.637805295466219,0.3395866204787556,0.8639701172829817,0.000774309,0.000147206,-0.0687029466310728,-0.051641267284210285,0.7345393119339327,2.1741867565575982e-17,0.19654928841255476,1614475712775508.8,3.8042418499571955,0.000909582,0.000129368,1.6743e-05,14,14,-0.032047747698387884,0.1330759217433988,0.14847188952519083,-0.7777731756491304,-4.152426653998325,-0.24082303754531445,136.8736698549235,0.00011072,-0.001971326420758688,0.035866088211465176,0.1711941977647419,-0.7777731756491304,-18.193886022013345,-0.054963518996989924,0.000187848,10,789.1443241960001,20.714731012999998
"fcidump.60_5_16_{'default' _ 'cc-pVTZ', 'Mn' _ 'lanl2tz'}",36,52,72,0,"[0, 0, 0, 0, 0, 0, 0, 0, 0, 0, 0, 0, 0, 0, 0, 0, 0, 0, 0, 0, 0, 0, 0, 0, 0, 0, 0, 0, 0, 0, 0, 0, 0, 0, 0, 0]",1,3.120490550239469e+17,17.494222871747837,8.9868e-05,2.5974e-05,35,35,35,35,35,35,0.663224569,9.144203121170861,1.0,666,0.001752267,0.65197485,0.004243095,-9.960691079565052,0.043658629528086954,2.998569160923616,-0.005284239698292442,1.800962442107016,-340.81770414181176,5.062041674757637,0.001355755,0.000210183,-13.067524876165248,-10.000883328511641,3.552713678800501e-15,-9.934546543058026,1.8613476496624306,-0.1873611081889879,0.38752050652037145,0.001353519,0.000167452,-6.893178258657166,0.19981203291331423,0.2187178799850536,-4.163336342344337e-17,1.165241152130346,1.996416481189484e+16,5.1290811395178135,0.001948321,0.000151467,0.028959292,0.08050222505641645,1.0,666,0.002617777,0.018341021,0.003214343,-0.3831220371457449,-0.005286371278612762,0.5281006691995217,-0.0052842396982925805,0.2248552572047489,-42.552054797477766,4.655577266627835,0.001166034,0.000206783,-8.536499046194961e-17,0.44158434937961355,0.9225516681265681,0.45417571464597883,0.231842084900717,0.5104678154828984,1.479601850520493,0.001365133,0.000162035,-25.598512631898654,-4.4204115895356,209.89508107251805,-1.0954200509634878e-14,35.76976114344314,-3295476356060644.5,5.114896255268552,0.00166247,0.00014997,0.32910144,18.72733646508363,1.0,666,0.001722952,0.318584106,0.003293929,-20.37612429982041,0.2010094648915665,5.608440366294415,-0.0052842396982912074,3.6380482979990347,-688.4714747469836,5.0605806828045266,0.001268096,0.000220691,-26.268216028494862,-20.40673169879838,1.0658141036401503e-14,-20.323268800762033,3.7771025603667,-0.18585113435221973,0.38226154195934126,0.001474897,0.0001628,-3.368289414823027,0.0977897701824013,0.10679724781121225,9.598803233738333e-17,0.5693824373293265,2905189824800955.0,5.1291093954363065,0.002070867,0.000230462,3.699379572,0.045975413,82.01383547641797,1.0,666,0.002128672,0.035346882,0.003240827,12.010235065966222,30.775869073837647,177.38461504534482,35.436757341259096,28.067942637576078,0.7920573083840408,2.712268805674906,0.00131272,0.000225123,-8.289345457943044e-14,135.52252197330557,228.43595150016847,136.91675884875812,38.431650254102976,0.2806935438528427,0.7140505255549526,0.001467928,0.00016634,-0.024821367795103574,-0.014600028831288171,0.5247310358015052,4.144061637055706e-18,0.08875564146727397,852239101030929.5,5.1274891679747014,0.001817702,0.000173629,1.813e-05,35,35,-0.007661704322125363,0.050654814882388426,0.26916165593931646,-0.4273723293090822,-6.61142909627939,-0.15125322913358738,552.9610263970969,0.000307232,-0.00017840990717199394,0.009122323924295269,0.26916165593931646,-0.4273723293090822,-51.13126321794571,-0.019557506250872884,0.008577937,188,115744.29422561,3264.2626873779996
